t_hours,actorR01,actorG01,actorB01,halfR01,halfG01,halfB01,hsvX,hsvY,hsvZ,hsvBri01,baseX,baseY,baseZ
0.000000,0.294118,0.403922,0.513725,0.145098,0.200000,0.254902,0.183903,0.211672,0.229896,0.313726,0.586190,0.674706,0.732794
0.083624,0.294118,0.403922,0.513725,0.145098,0.200000,0.254902,0.191592,0.220523,0.239509,0.326843,0.586190,0.674706,0.732794
0.167247,0.298039,0.403922,0.513725,0.149020,0.200000,0.254902,0.199281,0.229373,0.249121,0.339960,0.586190,0.674706,0.732794
0.250871,0.301961,0.407843,0.513725,0.149020,0.203922,0.254902,0.206971,0.238224,0.258733,0.353078,0.586190,0.674706,0.732794
0.334495,0.305882,0.407843,0.513725,0.152941,0.203922,0.254902,0.214660,0.247074,0.268346,0.366195,0.586190,0.674706,0.732794
0.418118,0.305882,0.411765,0.513725,0.152941,0.203922,0.254902,0.222349,0.255924,0.277958,0.379313,0.586190,0.674706,0.732794
0.501742,0.309804,0.411765,0.513725,0.152941,0.203922,0.254902,0.230039,0.264775,0.287570,0.392430,0.586190,0.674706,0.732794
0.585366,0.313725,0.411765,0.513725,0.156863,0.203922,0.254902,0.237728,0.273625,0.297183,0.405548,0.586190,0.674706,0.732794
0.668990,0.317647,0.415686,0.513725,0.156863,0.207843,0.254902,0.245417,0.282476,0.306795,0.418665,0.586190,0.674706,0.732794
0.752613,0.317647,0.415686,0.513725,0.156863,0.207843,0.254902,0.253106,0.291326,0.316408,0.431782,0.586190,0.674706,0.732794
0.836237,0.321569,0.419608,0.513725,0.160784,0.207843,0.254902,0.260796,0.300176,0.326020,0.444900,0.586190,0.674706,0.732794
0.919861,0.325490,0.419608,0.513725,0.160784,0.207843,0.254902,0.268485,0.309027,0.335632,0.458017,0.586190,0.674706,0.732794
1.003484,0.329412,0.423529,0.513725,0.164706,0.211765,0.254902,0.275854,0.317508,0.344844,0.470588,0.586190,0.674706,0.732794
1.087108,0.329412,0.423529,0.513725,0.164706,0.211765,0.254902,0.275854,0.317508,0.344844,0.470588,0.586190,0.674706,0.732794
1.170732,0.329412,0.423529,0.513725,0.164706,0.211765,0.254902,0.275854,0.317508,0.344844,0.470588,0.586190,0.674706,0.732794
1.254355,0.329412,0.423529,0.513725,0.164706,0.211765,0.254902,0.275854,0.317508,0.344844,0.470588,0.586190,0.674706,0.732794
1.337979,0.329412,0.423529,0.513725,0.164706,0.211765,0.254902,0.275854,0.317508,0.344844,0.470588,0.586190,0.674706,0.732794
1.421603,0.329412,0.423529,0.513725,0.164706,0.211765,0.254902,0.275854,0.317508,0.344844,0.470588,0.586190,0.674706,0.732794
1.505227,0.329412,0.423529,0.513725,0.164706,0.211765,0.254902,0.275854,0.317508,0.344844,0.470588,0.586190,0.674706,0.732794
1.588850,0.329412,0.423529,0.513725,0.164706,0.211765,0.254902,0.275854,0.317508,0.344844,0.470588,0.586190,0.674706,0.732794
1.672474,0.329412,0.423529,0.513725,0.164706,0.211765,0.254902,0.275854,0.317508,0.344844,0.470588,0.586190,0.674706,0.732794
1.756098,0.329412,0.423529,0.513725,0.164706,0.211765,0.254902,0.275854,0.317508,0.344844,0.470588,0.586190,0.674706,0.732794
1.839721,0.329412,0.423529,0.513725,0.164706,0.211765,0.254902,0.275854,0.317508,0.344844,0.470588,0.586190,0.674706,0.732794
1.923345,0.329412,0.423529,0.513725,0.164706,0.211765,0.254902,0.275854,0.317508,0.344844,0.470588,0.586190,0.674706,0.732794
2.006968,0.329412,0.423529,0.513725,0.164706,0.211765,0.254902,0.275854,0.317508,0.344844,0.470588,0.586190,0.674706,0.732794
2.090592,0.329412,0.423529,0.513725,0.164706,0.211765,0.254902,0.275854,0.317508,0.344844,0.470588,0.586190,0.674706,0.732794
2.174216,0.329412,0.423529,0.513725,0.164706,0.211765,0.254902,0.275854,0.317508,0.344844,0.470588,0.586190,0.674706,0.732794
2.257840,0.329412,0.423529,0.513725,0.164706,0.211765,0.254902,0.275854,0.317508,0.344844,0.470588,0.586190,0.674706,0.732794
2.341463,0.329412,0.423529,0.513725,0.164706,0.211765,0.254902,0.275854,0.317508,0.344844,0.470588,0.586190,0.674706,0.732794
2.425087,0.329412,0.423529,0.513725,0.164706,0.211765,0.254902,0.275854,0.317508,0.344844,0.470588,0.586190,0.674706,0.732794
2.508711,0.329412,0.423529,0.513725,0.164706,0.211765,0.254902,0.275854,0.317508,0.344844,0.470588,0.586190,0.674706,0.732794
2.592335,0.329412,0.423529,0.513725,0.164706,0.211765,0.254902,0.275854,0.317508,0.344844,0.470588,0.586190,0.674706,0.732794
2.675958,0.329412,0.423529,0.513725,0.164706,0.211765,0.254902,0.275854,0.317508,0.344844,0.470588,0.586190,0.674706,0.732794
2.759582,0.329412,0.423529,0.513725,0.164706,0.211765,0.254902,0.275854,0.317508,0.344844,0.470588,0.586190,0.674706,0.732794
2.843205,0.329412,0.423529,0.513725,0.164706,0.211765,0.254902,0.275854,0.317508,0.344844,0.470588,0.586190,0.674706,0.732794
2.926829,0.329412,0.423529,0.513725,0.164706,0.211765,0.254902,0.275854,0.317508,0.344844,0.470588,0.586190,0.674706,0.732794
3.010453,0.329412,0.423529,0.513725,0.164706,0.211765,0.254902,0.275854,0.317508,0.344844,0.470588,0.586190,0.674706,0.732794
3.094077,0.329412,0.423529,0.513725,0.164706,0.211765,0.254902,0.275854,0.317508,0.344844,0.470588,0.586190,0.674706,0.732794
3.177700,0.329412,0.423529,0.513725,0.164706,0.211765,0.254902,0.275854,0.317508,0.344844,0.470588,0.586190,0.674706,0.732794
3.261324,0.329412,0.423529,0.513725,0.164706,0.211765,0.254902,0.275854,0.317508,0.344844,0.470588,0.586190,0.674706,0.732794
3.344948,0.329412,0.423529,0.513725,0.164706,0.211765,0.254902,0.275854,0.317508,0.344844,0.470588,0.586190,0.674706,0.732794
3.428572,0.329412,0.423529,0.513725,0.164706,0.211765,0.254902,0.275854,0.317508,0.344844,0.470588,0.586190,0.674706,0.732794
3.512195,0.329412,0.423529,0.513725,0.164706,0.211765,0.254902,0.275854,0.317508,0.344844,0.470588,0.586190,0.674706,0.732794
3.595819,0.329412,0.423529,0.513725,0.164706,0.211765,0.254902,0.275854,0.317508,0.344844,0.470588,0.586190,0.674706,0.732794
3.679442,0.329412,0.423529,0.513725,0.164706,0.211765,0.254902,0.275854,0.317508,0.344844,0.470588,0.586190,0.674706,0.732794
3.763066,0.329412,0.423529,0.513725,0.164706,0.211765,0.254902,0.275854,0.317508,0.344844,0.470588,0.586190,0.674706,0.732794
3.846690,0.329412,0.423529,0.513725,0.164706,0.211765,0.254902,0.275854,0.317508,0.344844,0.470588,0.586190,0.674706,0.732794
3.930314,0.329412,0.423529,0.513725,0.164706,0.211765,0.254902,0.275854,0.317508,0.344844,0.470588,0.586190,0.674706,0.732794
4.013937,0.329412,0.419608,0.509804,0.164706,0.207843,0.254902,0.275495,0.318135,0.343859,0.470588,0.585427,0.676036,0.730701
4.097561,0.329412,0.419608,0.509804,0.164706,0.207843,0.254902,0.273340,0.321891,0.337948,0.470588,0.580848,0.684018,0.718140
4.181185,0.329412,0.415686,0.505882,0.164706,0.207843,0.250980,0.271185,0.325647,0.332037,0.470588,0.576269,0.692000,0.705579
4.264809,0.329412,0.415686,0.505882,0.164706,0.207843,0.250980,0.269031,0.329403,0.326126,0.470588,0.571690,0.699982,0.693019
4.348432,0.333333,0.411765,0.501961,0.164706,0.203922,0.250980,0.266876,0.333159,0.320216,0.470588,0.567112,0.707963,0.680458
4.432055,0.333333,0.411765,0.501961,0.164706,0.203922,0.250980,0.264721,0.336915,0.314305,0.470588,0.562533,0.715945,0.667898
4.515679,0.333333,0.407843,0.498039,0.164706,0.203922,0.247059,0.262567,0.340672,0.308394,0.470588,0.557954,0.723927,0.655337
4.599303,0.333333,0.407843,0.498039,0.164706,0.203922,0.247059,0.260412,0.344428,0.302483,0.470588,0.553376,0.731909,0.642776
4.682927,0.337255,0.403922,0.494118,0.168627,0.200000,0.247059,0.258257,0.348184,0.296572,0.470588,0.548797,0.739891,0.630216
4.766551,0.337255,0.403922,0.494118,0.168627,0.200000,0.247059,0.256103,0.351940,0.290661,0.470588,0.544218,0.747873,0.617655
4.850174,0.337255,0.400000,0.490196,0.168627,0.200000,0.243137,0.253948,0.355696,0.284750,0.470588,0.539639,0.755855,0.605095
4.933798,0.337255,0.400000,0.490196,0.168627,0.200000,0.243137,0.251793,0.359453,0.278839,0.470588,0.535061,0.763837,0.592534
5.017422,0.341176,0.396078,0.486275,0.168627,0.196078,0.243137,0.251910,0.361595,0.273821,0.471271,0.534533,0.767276,0.581025
5.101045,0.341176,0.396078,0.486275,0.168627,0.196078,0.243137,0.260718,0.357552,0.272162,0.474551,0.549401,0.753454,0.573516
5.184669,0.341176,0.396078,0.486275,0.168627,0.196078,0.243137,0.269624,0.353419,0.270455,0.477830,0.564268,0.739633,0.566006
5.268292,0.341176,0.392157,0.482353,0.168627,0.196078,0.239216,0.278628,0.349194,0.268698,0.481109,0.579135,0.725811,0.558496
5.351916,0.345098,0.392157,0.482353,0.172549,0.196078,0.239216,0.287728,0.344880,0.266892,0.484389,0.594003,0.711989,0.550987
5.435540,0.345098,0.388235,0.478431,0.172549,0.192157,0.239216,0.296927,0.340474,0.265036,0.487668,0.608870,0.698167,0.543477
5.519164,0.345098,0.388235,0.478431,0.172549,0.192157,0.239216,0.306222,0.335978,0.263132,0.490948,0.623738,0.684346,0.535967
5.602787,0.345098,0.384314,0.474510,0.172549,0.192157,0.235294,0.315616,0.331391,0.261178,0.494227,0.638605,0.670524,0.528457
5.686411,0.349020,0.384314,0.474510,0.172549,0.192157,0.235294,0.325107,0.326713,0.259175,0.497506,0.653472,0.656702,0.520948
5.770035,0.349020,0.384314,0.474510,0.172549,0.192157,0.235294,0.334695,0.321945,0.257122,0.500786,0.668340,0.642880,0.513438
5.853659,0.349020,0.380392,0.470588,0.172549,0.188235,0.235294,0.344381,0.317086,0.255021,0.504065,0.683207,0.629059,0.505928
5.937282,0.349020,0.380392,0.470588,0.172549,0.188235,0.235294,0.354164,0.312137,0.252870,0.507344,0.698075,0.615237,0.498418
6.020906,0.352941,0.380392,0.466667,0.176471,0.188235,0.231373,0.362729,0.309357,0.252032,0.511444,0.709225,0.604870,0.492786
6.104529,0.356863,0.380392,0.458824,0.176471,0.188235,0.227451,0.367380,0.313324,0.255264,0.518002,0.709225,0.604870,0.492786
6.188153,0.356863,0.380392,0.454902,0.176471,0.188235,0.227451,0.372032,0.317291,0.258496,0.524561,0.709225,0.604870,0.492786
6.271777,0.360784,0.380392,0.447059,0.180392,0.188235,0.223529,0.376684,0.321259,0.261728,0.531120,0.709225,0.604870,0.492786
6.355401,0.364706,0.384314,0.439216,0.180392,0.192157,0.219608,0.381335,0.325226,0.264960,0.537678,0.709225,0.604870,0.492786
6.439025,0.368627,0.384314,0.435294,0.184314,0.192157,0.215686,0.385987,0.329193,0.268192,0.544237,0.709225,0.604870,0.492786
6.522648,0.372549,0.384314,0.427451,0.184314,0.192157,0.211765,0.390638,0.333160,0.271424,0.550796,0.709225,0.604870,0.492786
6.606272,0.376471,0.384314,0.419608,0.188235,0.192157,0.207843,0.395290,0.337127,0.274657,0.557355,0.709225,0.604870,0.492786
6.689896,0.376471,0.388235,0.415686,0.188235,0.192157,0.207843,0.399942,0.341095,0.277889,0.563913,0.709225,0.604870,0.492786
6.773519,0.380392,0.388235,0.407843,0.188235,0.192157,0.203922,0.404593,0.345062,0.281121,0.570472,0.709225,0.604870,0.492786
6.857143,0.384314,0.388235,0.400000,0.192157,0.192157,0.200000,0.409245,0.349029,0.284353,0.577031,0.709225,0.604870,0.492786
6.940766,0.388235,0.388235,0.396078,0.192157,0.192157,0.196078,0.413896,0.352996,0.287585,0.583589,0.709225,0.604870,0.492786
7.024390,0.392157,0.392157,0.392157,0.196078,0.196078,0.196078,0.417191,0.355806,0.289874,0.588235,0.709225,0.604870,0.492786
7.108014,0.392157,0.392157,0.392157,0.196078,0.196078,0.196078,0.417191,0.355806,0.289874,0.588235,0.709225,0.604870,0.492786
7.191638,0.392157,0.392157,0.392157,0.196078,0.196078,0.196078,0.417191,0.355806,0.289874,0.588235,0.709225,0.604870,0.492786
7.275262,0.392157,0.392157,0.392157,0.196078,0.196078,0.196078,0.417191,0.355806,0.289874,0.588235,0.709225,0.604870,0.492786
7.358885,0.392157,0.392157,0.392157,0.196078,0.196078,0.196078,0.417191,0.355806,0.289874,0.588235,0.709225,0.604870,0.492786
7.442509,0.392157,0.392157,0.392157,0.196078,0.196078,0.196078,0.417191,0.355806,0.289874,0.588235,0.709225,0.604870,0.492786
7.526133,0.392157,0.392157,0.392157,0.196078,0.196078,0.196078,0.417191,0.355806,0.289874,0.588235,0.709225,0.604870,0.492786
7.609756,0.392157,0.392157,0.392157,0.196078,0.196078,0.196078,0.417191,0.355806,0.289874,0.588235,0.709225,0.604870,0.492786
7.693380,0.392157,0.392157,0.392157,0.196078,0.196078,0.196078,0.417191,0.355806,0.289874,0.588235,0.709225,0.604870,0.492786
7.777003,0.392157,0.392157,0.392157,0.196078,0.196078,0.196078,0.417191,0.355806,0.289874,0.588235,0.709225,0.604870,0.492786
7.860627,0.392157,0.392157,0.392157,0.196078,0.196078,0.196078,0.417191,0.355806,0.289874,0.588235,0.709225,0.604870,0.492786
7.944251,0.392157,0.392157,0.392157,0.196078,0.196078,0.196078,0.417191,0.355806,0.289874,0.588235,0.709225,0.604870,0.492786
8.027874,0.392157,0.392157,0.392157,0.196078,0.196078,0.196078,0.417191,0.355806,0.289874,0.588235,0.709225,0.604870,0.492786
8.111499,0.392157,0.392157,0.392157,0.196078,0.196078,0.196078,0.417191,0.355806,0.289874,0.588235,0.709225,0.604870,0.492786
8.195122,0.392157,0.392157,0.392157,0.196078,0.196078,0.196078,0.417191,0.355806,0.289874,0.588235,0.709225,0.604870,0.492786
8.278746,0.392157,0.392157,0.392157,0.196078,0.196078,0.196078,0.417191,0.355806,0.289874,0.588235,0.709225,0.604870,0.492786
8.362370,0.392157,0.392157,0.392157,0.196078,0.196078,0.196078,0.417191,0.355806,0.289874,0.588235,0.709225,0.604870,0.492786
8.445993,0.392157,0.392157,0.392157,0.196078,0.196078,0.196078,0.417191,0.355806,0.289874,0.588235,0.709225,0.604870,0.492786
8.529617,0.392157,0.392157,0.392157,0.196078,0.196078,0.196078,0.417191,0.355806,0.289874,0.588235,0.709225,0.604870,0.492786
8.613240,0.392157,0.392157,0.392157,0.196078,0.196078,0.196078,0.417191,0.355806,0.289874,0.588235,0.709225,0.604870,0.492786
8.696864,0.392157,0.392157,0.392157,0.196078,0.196078,0.196078,0.417191,0.355806,0.289874,0.588235,0.709225,0.604870,0.492786
8.780488,0.392157,0.392157,0.392157,0.196078,0.196078,0.196078,0.417191,0.355806,0.289874,0.588235,0.709225,0.604870,0.492786
8.864111,0.392157,0.392157,0.392157,0.196078,0.196078,0.196078,0.417191,0.355806,0.289874,0.588235,0.709225,0.604870,0.492786
8.947736,0.392157,0.392157,0.392157,0.196078,0.196078,0.196078,0.417191,0.355806,0.289874,0.588235,0.709225,0.604870,0.492786
9.031359,0.392157,0.392157,0.392157,0.196078,0.196078,0.196078,0.415753,0.356790,0.293459,0.583316,0.712740,0.611658,0.503088
9.114983,0.400000,0.400000,0.400000,0.200000,0.200000,0.200000,0.411748,0.359087,0.302525,0.570199,0.722113,0.629757,0.530560
9.198606,0.403922,0.403922,0.403922,0.200000,0.200000,0.200000,0.407497,0.360909,0.310870,0.557081,0.731486,0.647857,0.558033
9.282230,0.411765,0.411765,0.411765,0.203922,0.203922,0.203922,0.403000,0.362256,0.318494,0.543964,0.740859,0.665956,0.585505
9.365853,0.419608,0.419608,0.419608,0.207843,0.207843,0.207843,0.398258,0.363129,0.325397,0.530847,0.750232,0.684056,0.612977
9.449477,0.423529,0.423529,0.423529,0.211765,0.211765,0.211765,0.393269,0.363526,0.331580,0.517729,0.759605,0.702155,0.640450
9.533101,0.431373,0.431373,0.431373,0.215686,0.215686,0.215686,0.388035,0.363449,0.337041,0.504612,0.768978,0.720255,0.667922
9.616725,0.439216,0.439216,0.439216,0.219608,0.219608,0.219608,0.382555,0.362897,0.341782,0.491494,0.778351,0.738354,0.695395
9.700348,0.447059,0.447059,0.447059,0.223529,0.223529,0.223529,0.376829,0.361870,0.345803,0.478377,0.787723,0.756453,0.722867
9.783972,0.450980,0.450980,0.450980,0.223529,0.223529,0.223529,0.370857,0.360368,0.349102,0.465259,0.797096,0.774553,0.750339
9.867596,0.458824,0.458824,0.458824,0.227451,0.227451,0.227451,0.364639,0.358391,0.351681,0.452142,0.806469,0.792652,0.777812
9.951220,0.466667,0.466667,0.466667,0.231373,0.231373,0.231373,0.358175,0.355940,0.353539,0.439024,0.815842,0.810752,0.805284
10.034843,0.474510,0.474510,0.474510,0.235294,0.235294,0.235294,0.354291,0.354291,0.354291,0.431373,0.821310,0.821310,0.821310
10.118467,0.482353,0.482353,0.482353,0.239216,0.239216,0.239216,0.354291,0.354291,0.354291,0.431373,0.821310,0.821310,0.821310
10.202090,0.494118,0.494118,0.494118,0.247059,0.247059,0.247059,0.354291,0.354291,0.354291,0.431373,0.821310,0.821310,0.821310
10.285714,0.501961,0.501961,0.501961,0.250980,0.250980,0.250980,0.354291,0.354291,0.354291,0.431373,0.821310,0.821310,0.821310
10.369338,0.513725,0.513725,0.513725,0.254902,0.254902,0.254902,0.354291,0.354291,0.354291,0.431373,0.821310,0.821310,0.821310
10.452962,0.521569,0.521569,0.521569,0.258824,0.258824,0.258824,0.354291,0.354291,0.354291,0.431373,0.821310,0.821310,0.821310
10.536585,0.533333,0.533333,0.533333,0.266667,0.266667,0.266667,0.354291,0.354291,0.354291,0.431373,0.821310,0.821310,0.821310
10.620209,0.541176,0.541176,0.541176,0.270588,0.270588,0.270588,0.354291,0.354291,0.354291,0.431373,0.821310,0.821310,0.821310
10.703833,0.552941,0.552941,0.552941,0.274510,0.274510,0.274510,0.354291,0.354291,0.354291,0.431373,0.821310,0.821310,0.821310
10.787457,0.560784,0.560784,0.560784,0.278431,0.278431,0.278431,0.354291,0.354291,0.354291,0.431373,0.821310,0.821310,0.821310
10.871080,0.572549,0.572549,0.572549,0.286275,0.286275,0.286275,0.354291,0.354291,0.354291,0.431373,0.821310,0.821310,0.821310
10.954704,0.580392,0.580392,0.580392,0.290196,0.290196,0.290196,0.354291,0.354291,0.354291,0.431373,0.821310,0.821310,0.821310
11.038327,0.588235,0.588235,0.588235,0.294118,0.294118,0.294118,0.354291,0.354291,0.354291,0.431373,0.821310,0.821310,0.821310
11.121951,0.588235,0.588235,0.588235,0.294118,0.294118,0.294118,0.354291,0.354291,0.354291,0.431373,0.821310,0.821310,0.821310
11.205575,0.588235,0.588235,0.588235,0.294118,0.294118,0.294118,0.354291,0.354291,0.354291,0.431373,0.821310,0.821310,0.821310
11.289199,0.588235,0.588235,0.588235,0.294118,0.294118,0.294118,0.354291,0.354291,0.354291,0.431373,0.821310,0.821310,0.821310
11.372822,0.588235,0.588235,0.588235,0.294118,0.294118,0.294118,0.354291,0.354291,0.354291,0.431373,0.821310,0.821310,0.821310
11.456446,0.588235,0.588235,0.588235,0.294118,0.294118,0.294118,0.354291,0.354291,0.354291,0.431373,0.821310,0.821310,0.821310
11.540070,0.588235,0.588235,0.588235,0.294118,0.294118,0.294118,0.354291,0.354291,0.354291,0.431373,0.821310,0.821310,0.821310
11.623693,0.588235,0.588235,0.588235,0.294118,0.294118,0.294118,0.354291,0.354291,0.354291,0.431373,0.821310,0.821310,0.821310
11.707317,0.588235,0.588235,0.588235,0.294118,0.294118,0.294118,0.354291,0.354291,0.354291,0.431373,0.821310,0.821310,0.821310
11.790941,0.588235,0.588235,0.588235,0.294118,0.294118,0.294118,0.354291,0.354291,0.354291,0.431373,0.821310,0.821310,0.821310
11.874564,0.588235,0.588235,0.588235,0.294118,0.294118,0.294118,0.354291,0.354291,0.354291,0.431373,0.821310,0.821310,0.821310
11.958188,0.588235,0.588235,0.588235,0.294118,0.294118,0.294118,0.354291,0.354291,0.354291,0.431373,0.821310,0.821310,0.821310
12.041813,0.588235,0.588235,0.588235,0.294118,0.294118,0.294118,0.354291,0.354291,0.354291,0.431373,0.821310,0.821310,0.821310
12.125436,0.588235,0.588235,0.588235,0.294118,0.294118,0.294118,0.354291,0.354291,0.354291,0.431373,0.821310,0.821310,0.821310
12.209059,0.588235,0.588235,0.588235,0.294118,0.294118,0.294118,0.354291,0.354291,0.354291,0.431373,0.821310,0.821310,0.821310
12.292683,0.588235,0.588235,0.588235,0.294118,0.294118,0.294118,0.354291,0.354291,0.354291,0.431373,0.821310,0.821310,0.821310
12.376307,0.588235,0.588235,0.588235,0.294118,0.294118,0.294118,0.354291,0.354291,0.354291,0.431373,0.821310,0.821310,0.821310
12.459930,0.588235,0.588235,0.588235,0.294118,0.294118,0.294118,0.354291,0.354291,0.354291,0.431373,0.821310,0.821310,0.821310
12.543554,0.588235,0.588235,0.588235,0.294118,0.294118,0.294118,0.354291,0.354291,0.354291,0.431373,0.821310,0.821310,0.821310
12.627178,0.588235,0.588235,0.588235,0.294118,0.294118,0.294118,0.354291,0.354291,0.354291,0.431373,0.821310,0.821310,0.821310
12.710801,0.588235,0.588235,0.588235,0.294118,0.294118,0.294118,0.354291,0.354291,0.354291,0.431373,0.821310,0.821310,0.821310
12.794424,0.588235,0.588235,0.588235,0.294118,0.294118,0.294118,0.354291,0.354291,0.354291,0.431373,0.821310,0.821310,0.821310
12.878050,0.588235,0.588235,0.588235,0.294118,0.294118,0.294118,0.354291,0.354291,0.354291,0.431373,0.821310,0.821310,0.821310
12.961673,0.588235,0.588235,0.588235,0.294118,0.294118,0.294118,0.354291,0.354291,0.354291,0.431373,0.821310,0.821310,0.821310
13.045296,0.588235,0.588235,0.588235,0.294118,0.294118,0.294118,0.354291,0.354291,0.354291,0.431373,0.821310,0.821310,0.821310
13.128920,0.588235,0.588235,0.588235,0.294118,0.294118,0.294118,0.354291,0.354291,0.354291,0.431373,0.821310,0.821310,0.821310
13.212543,0.588235,0.588235,0.588235,0.294118,0.294118,0.294118,0.354291,0.354291,0.354291,0.431373,0.821310,0.821310,0.821310
13.296167,0.588235,0.588235,0.588235,0.294118,0.294118,0.294118,0.354291,0.354291,0.354291,0.431373,0.821310,0.821310,0.821310
13.379791,0.588235,0.588235,0.588235,0.294118,0.294118,0.294118,0.354291,0.354291,0.354291,0.431373,0.821310,0.821310,0.821310
13.463415,0.588235,0.588235,0.588235,0.294118,0.294118,0.294118,0.354291,0.354291,0.354291,0.431373,0.821310,0.821310,0.821310
13.547038,0.588235,0.588235,0.588235,0.294118,0.294118,0.294118,0.354291,0.354291,0.354291,0.431373,0.821310,0.821310,0.821310
13.630661,0.588235,0.588235,0.588235,0.294118,0.294118,0.294118,0.354291,0.354291,0.354291,0.431373,0.821310,0.821310,0.821310
13.714287,0.588235,0.588235,0.588235,0.294118,0.294118,0.294118,0.354291,0.354291,0.354291,0.431373,0.821310,0.821310,0.821310
13.797910,0.588235,0.588235,0.588235,0.294118,0.294118,0.294118,0.354291,0.354291,0.354291,0.431373,0.821310,0.821310,0.821310
13.881533,0.588235,0.588235,0.588235,0.294118,0.294118,0.294118,0.354291,0.354291,0.354291,0.431373,0.821310,0.821310,0.821310
13.965157,0.588235,0.588235,0.588235,0.294118,0.294118,0.294118,0.354291,0.354291,0.354291,0.431373,0.821310,0.821310,0.821310
14.048780,0.588235,0.588235,0.588235,0.294118,0.294118,0.294118,0.354291,0.354291,0.354291,0.431373,0.821310,0.821310,0.821310
14.132404,0.588235,0.588235,0.588235,0.294118,0.294118,0.294118,0.354291,0.354291,0.354291,0.431373,0.821310,0.821310,0.821310
14.216028,0.588235,0.588235,0.588235,0.294118,0.294118,0.294118,0.354291,0.354291,0.354291,0.431373,0.821310,0.821310,0.821310
14.299652,0.588235,0.588235,0.588235,0.294118,0.294118,0.294118,0.354291,0.354291,0.354291,0.431373,0.821310,0.821310,0.821310
14.383275,0.588235,0.588235,0.588235,0.294118,0.294118,0.294118,0.354291,0.354291,0.354291,0.431373,0.821310,0.821310,0.821310
14.466898,0.588235,0.588235,0.588235,0.294118,0.294118,0.294118,0.354291,0.354291,0.354291,0.431373,0.821310,0.821310,0.821310
14.550524,0.588235,0.588235,0.588235,0.294118,0.294118,0.294118,0.354291,0.354291,0.354291,0.431373,0.821310,0.821310,0.821310
14.634147,0.588235,0.588235,0.588235,0.294118,0.294118,0.294118,0.354291,0.354291,0.354291,0.431373,0.821310,0.821310,0.821310
14.717770,0.588235,0.588235,0.588235,0.294118,0.294118,0.294118,0.354291,0.354291,0.354291,0.431373,0.821310,0.821310,0.821310
14.801394,0.588235,0.588235,0.588235,0.294118,0.294118,0.294118,0.354291,0.354291,0.354291,0.431373,0.821310,0.821310,0.821310
14.885017,0.588235,0.588235,0.588235,0.294118,0.294118,0.294118,0.354291,0.354291,0.354291,0.431373,0.821310,0.821310,0.821310
14.968641,0.588235,0.588235,0.588235,0.294118,0.294118,0.294118,0.354291,0.354291,0.354291,0.431373,0.821310,0.821310,0.821310
15.052265,0.588235,0.588235,0.588235,0.294118,0.294118,0.294118,0.354291,0.354291,0.354291,0.431373,0.821310,0.821310,0.821310
15.135889,0.588235,0.588235,0.588235,0.294118,0.294118,0.294118,0.354291,0.354291,0.354291,0.431373,0.821310,0.821310,0.821310
15.219512,0.588235,0.588235,0.588235,0.294118,0.294118,0.294118,0.354291,0.354291,0.354291,0.431373,0.821310,0.821310,0.821310
15.303135,0.588235,0.588235,0.588235,0.294118,0.294118,0.294118,0.354291,0.354291,0.354291,0.431373,0.821310,0.821310,0.821310
15.386761,0.588235,0.588235,0.588235,0.294118,0.294118,0.294118,0.354291,0.354291,0.354291,0.431373,0.821310,0.821310,0.821310
15.470384,0.588235,0.588235,0.588235,0.294118,0.294118,0.294118,0.354291,0.354291,0.354291,0.431373,0.821310,0.821310,0.821310
15.554007,0.588235,0.588235,0.588235,0.294118,0.294118,0.294118,0.354291,0.354291,0.354291,0.431373,0.821310,0.821310,0.821310
15.637630,0.588235,0.588235,0.588235,0.294118,0.294118,0.294118,0.354291,0.354291,0.354291,0.431373,0.821310,0.821310,0.821310
15.721254,0.588235,0.588235,0.588235,0.294118,0.294118,0.294118,0.354291,0.354291,0.354291,0.431373,0.821310,0.821310,0.821310
15.804878,0.588235,0.588235,0.588235,0.294118,0.294118,0.294118,0.354291,0.354291,0.354291,0.431373,0.821310,0.821310,0.821310
15.888502,0.588235,0.588235,0.588235,0.294118,0.294118,0.294118,0.354291,0.354291,0.354291,0.431373,0.821310,0.821310,0.821310
15.972126,0.588235,0.588235,0.588235,0.294118,0.294118,0.294118,0.354291,0.354291,0.354291,0.431373,0.821310,0.821310,0.821310
16.055748,0.580392,0.580392,0.580392,0.290196,0.290196,0.290196,0.354291,0.354291,0.354291,0.431373,0.821310,0.821310,0.821310
16.139372,0.568627,0.568627,0.568627,0.282353,0.282353,0.282353,0.354291,0.354291,0.354291,0.431373,0.821310,0.821310,0.821310
16.222998,0.560784,0.560784,0.560784,0.278431,0.278431,0.278431,0.354291,0.354291,0.354291,0.431373,0.821310,0.821310,0.821310
16.306622,0.549020,0.549020,0.549020,0.274510,0.274510,0.274510,0.354291,0.354291,0.354291,0.431373,0.821310,0.821310,0.821310
16.390244,0.541176,0.541176,0.541176,0.270588,0.270588,0.270588,0.354291,0.354291,0.354291,0.431373,0.821310,0.821310,0.821310
16.473867,0.529412,0.529412,0.529412,0.262745,0.262745,0.262745,0.354291,0.354291,0.354291,0.431373,0.821310,0.821310,0.821310
16.557491,0.521569,0.521569,0.521569,0.258824,0.258824,0.258824,0.354291,0.354291,0.354291,0.431373,0.821310,0.821310,0.821310
16.641115,0.509804,0.509804,0.509804,0.254902,0.254902,0.254902,0.354291,0.354291,0.354291,0.431373,0.821310,0.821310,0.821310
16.724739,0.501961,0.501961,0.501961,0.250980,0.250980,0.250980,0.354291,0.354291,0.354291,0.431373,0.821310,0.821310,0.821310
16.808363,0.490196,0.490196,0.490196,0.243137,0.243137,0.243137,0.354291,0.354291,0.354291,0.431373,0.821310,0.821310,0.821310
16.891987,0.482353,0.482353,0.482353,0.239216,0.239216,0.239216,0.354291,0.354291,0.354291,0.431373,0.821310,0.821310,0.821310
16.975609,0.470588,0.470588,0.470588,0.235294,0.235294,0.235294,0.354291,0.354291,0.354291,0.431373,0.821310,0.821310,0.821310
17.059235,0.470588,0.470588,0.470588,0.235294,0.235294,0.235294,0.350475,0.350475,0.350475,0.426727,0.821310,0.821310,0.821310
17.142857,0.470588,0.470588,0.470588,0.235294,0.235294,0.235294,0.345088,0.345088,0.345088,0.420168,0.821310,0.821310,0.821310
17.226480,0.470588,0.470588,0.470588,0.235294,0.235294,0.235294,0.339701,0.339701,0.339701,0.413609,0.821310,0.821310,0.821310
17.310104,0.470588,0.470588,0.470588,0.235294,0.235294,0.235294,0.334315,0.334315,0.334315,0.407051,0.821310,0.821310,0.821310
17.393728,0.470588,0.470588,0.470588,0.235294,0.235294,0.235294,0.328928,0.328928,0.328928,0.400492,0.821310,0.821310,0.821310
17.477352,0.470588,0.470588,0.470588,0.235294,0.235294,0.235294,0.323541,0.323541,0.323541,0.393933,0.821310,0.821310,0.821310
17.560976,0.470588,0.470588,0.470588,0.235294,0.235294,0.235294,0.318154,0.318154,0.318154,0.387374,0.821310,0.821310,0.821310
17.644600,0.470588,0.470588,0.470588,0.235294,0.235294,0.235294,0.312768,0.312768,0.312768,0.380816,0.821310,0.821310,0.821310
17.728222,0.470588,0.470588,0.470588,0.235294,0.235294,0.235294,0.307381,0.307381,0.307381,0.374257,0.821310,0.821310,0.821310
17.811846,0.470588,0.470588,0.470588,0.235294,0.235294,0.235294,0.301994,0.301994,0.301994,0.367698,0.821310,0.821310,0.821310
17.895472,0.470588,0.470588,0.470588,0.235294,0.235294,0.235294,0.296607,0.296607,0.296607,0.361139,0.821310,0.821310,0.821310
17.979095,0.470588,0.470588,0.470588,0.235294,0.235294,0.235294,0.291221,0.291221,0.291221,0.354581,0.821310,0.821310,0.821310
18.062717,0.470588,0.470588,0.470588,0.235294,0.235294,0.235294,0.289874,0.289874,0.289874,0.352941,0.821310,0.821310,0.821310
18.146341,0.470588,0.470588,0.470588,0.235294,0.235294,0.235294,0.289874,0.289874,0.289874,0.352941,0.821310,0.821310,0.821310
18.229965,0.470588,0.470588,0.470588,0.235294,0.235294,0.235294,0.289874,0.289874,0.289874,0.352941,0.821310,0.821310,0.821310
18.313587,0.470588,0.470588,0.470588,0.235294,0.235294,0.235294,0.289874,0.289874,0.289874,0.352941,0.821310,0.821310,0.821310
18.397213,0.470588,0.470588,0.470588,0.235294,0.235294,0.235294,0.289874,0.289874,0.289874,0.352941,0.821310,0.821310,0.821310
18.480837,0.470588,0.470588,0.470588,0.235294,0.235294,0.235294,0.289874,0.289874,0.289874,0.352941,0.821310,0.821310,0.821310
18.564461,0.470588,0.470588,0.470588,0.235294,0.235294,0.235294,0.289874,0.289874,0.289874,0.352941,0.821310,0.821310,0.821310
18.648083,0.470588,0.470588,0.470588,0.235294,0.235294,0.235294,0.289874,0.289874,0.289874,0.352941,0.821310,0.821310,0.821310
18.731707,0.470588,0.470588,0.470588,0.235294,0.235294,0.235294,0.289874,0.289874,0.289874,0.352941,0.821310,0.821310,0.821310
18.815331,0.470588,0.470588,0.470588,0.235294,0.235294,0.235294,0.289874,0.289874,0.289874,0.352941,0.821310,0.821310,0.821310
18.898954,0.470588,0.470588,0.470588,0.235294,0.235294,0.235294,0.289874,0.289874,0.289874,0.352941,0.821310,0.821310,0.821310
18.982578,0.470588,0.470588,0.470588,0.235294,0.235294,0.235294,0.289874,0.289874,0.289874,0.352941,0.821310,0.821310,0.821310
19.066202,0.470588,0.470588,0.470588,0.235294,0.235294,0.235294,0.287742,0.287742,0.287742,0.350345,0.821310,0.821310,0.821310
19.149826,0.470588,0.470588,0.470588,0.235294,0.235294,0.235294,0.285048,0.285048,0.285048,0.347066,0.821310,0.821310,0.821310
19.233450,0.470588,0.470588,0.470588,0.235294,0.235294,0.235294,0.282355,0.282355,0.282355,0.343786,0.821310,0.821310,0.821310
19.317074,0.470588,0.470588,0.470588,0.235294,0.235294,0.235294,0.279662,0.279662,0.279662,0.340507,0.821310,0.821310,0.821310
19.400696,0.470588,0.470588,0.470588,0.235294,0.235294,0.235294,0.276968,0.276968,0.276968,0.337228,0.821310,0.821310,0.821310
19.484320,0.470588,0.470588,0.470588,0.235294,0.235294,0.235294,0.274275,0.274275,0.274275,0.333948,0.821310,0.821310,0.821310
19.567944,0.470588,0.470588,0.470588,0.235294,0.235294,0.235294,0.271582,0.271582,0.271582,0.330669,0.821310,0.821310,0.821310
19.651569,0.470588,0.470588,0.470588,0.235294,0.235294,0.235294,0.268888,0.268888,0.268888,0.327389,0.821310,0.821310,0.821310
19.735191,0.470588,0.470588,0.470588,0.235294,0.235294,0.235294,0.266195,0.266195,0.266195,0.324110,0.821310,0.821310,0.821310
19.818815,0.470588,0.470588,0.470588,0.235294,0.235294,0.235294,0.263501,0.263501,0.263501,0.320831,0.821310,0.821310,0.821310
19.902439,0.470588,0.470588,0.470588,0.235294,0.235294,0.235294,0.260808,0.260808,0.260808,0.317551,0.821310,0.821310,0.821310
19.986061,0.470588,0.470588,0.470588,0.235294,0.235294,0.235294,0.258115,0.258115,0.258115,0.314272,0.821310,0.821310,0.821310
20.069687,0.470588,0.470588,0.470588,0.235294,0.235294,0.235294,0.270108,0.265067,0.261797,0.332855,0.811487,0.796343,0.786520
20.153311,0.470588,0.470588,0.470588,0.235294,0.235294,0.235294,0.284542,0.272687,0.264998,0.355811,0.799699,0.766383,0.744773
20.236935,0.470588,0.470588,0.470588,0.235294,0.235294,0.235294,0.298435,0.278932,0.266282,0.378766,0.787912,0.736423,0.703026
20.320557,0.470588,0.470588,0.470588,0.235294,0.235294,0.235294,0.311786,0.283802,0.265650,0.401721,0.776125,0.706464,0.661279
20.404181,0.470588,0.470588,0.470588,0.235294,0.235294,0.235294,0.324596,0.287296,0.263101,0.424677,0.764337,0.676504,0.619532
20.487804,0.470588,0.470588,0.470588,0.235294,0.235294,0.235294,0.336866,0.289414,0.258635,0.447633,0.752550,0.646545,0.577784
20.571428,0.470588,0.470588,0.470588,0.235294,0.235294,0.235294,0.348594,0.290157,0.252253,0.470588,0.740762,0.616585,0.536037
20.655052,0.470588,0.470588,0.470588,0.235294,0.235294,0.235294,0.359781,0.289525,0.243954,0.493544,0.728975,0.586625,0.494290
20.738676,0.470588,0.470588,0.470588,0.235294,0.235294,0.235294,0.370427,0.287517,0.233738,0.516499,0.717187,0.556665,0.452542
20.822300,0.470588,0.470588,0.470588,0.235294,0.235294,0.235294,0.380531,0.284134,0.221605,0.539455,0.705400,0.526705,0.410795
20.905924,0.470588,0.470588,0.470588,0.235294,0.235294,0.235294,0.390095,0.279375,0.207556,0.562410,0.693612,0.496745,0.369048
20.989548,0.470588,0.470588,0.470588,0.235294,0.235294,0.235294,0.399117,0.273240,0.191591,0.585366,0.681825,0.466785,0.327300
21.073170,0.478431,0.466667,0.458824,0.239216,0.231373,0.227451,0.400207,0.272377,0.189460,0.588235,0.680351,0.463041,0.322082
21.156794,0.490196,0.466667,0.447059,0.243137,0.231373,0.223529,0.400207,0.272377,0.189460,0.588235,0.680351,0.463041,0.322082
21.240417,0.498039,0.466667,0.439216,0.247059,0.231373,0.219608,0.400207,0.272377,0.189460,0.588235,0.680351,0.463041,0.322082
21.324043,0.509804,0.466667,0.427451,0.254902,0.231373,0.211765,0.400207,0.272377,0.189460,0.588235,0.680351,0.463041,0.322082
21.407665,0.521569,0.466667,0.415686,0.258824,0.231373,0.207843,0.400207,0.272377,0.189460,0.588235,0.680351,0.463041,0.322082
21.491289,0.529412,0.466667,0.407843,0.262745,0.231373,0.203922,0.400207,0.272377,0.189460,0.588235,0.680351,0.463041,0.322082
21.574913,0.541176,0.466667,0.396078,0.270588,0.231373,0.196078,0.400207,0.272377,0.189460,0.588235,0.680351,0.463041,0.322082
21.658535,0.552941,0.466667,0.384314,0.274510,0.231373,0.192157,0.400207,0.272377,0.189460,0.588235,0.680351,0.463041,0.322082
21.742161,0.560784,0.466667,0.376471,0.278431,0.231373,0.188235,0.400207,0.272377,0.189460,0.588235,0.680351,0.463041,0.322082
21.825785,0.572549,0.466667,0.364706,0.286275,0.231373,0.180392,0.400207,0.272377,0.189460,0.588235,0.680351,0.463041,0.322082
21.909409,0.584314,0.466667,0.352941,0.290196,0.231373,0.176471,0.400207,0.272377,0.189460,0.588235,0.680351,0.463041,0.322082
21.993031,0.592157,0.466667,0.345098,0.294118,0.231373,0.172549,0.400207,0.272377,0.189460,0.588235,0.680351,0.463041,0.322082
22.076654,0.596078,0.466667,0.345098,0.298039,0.231373,0.172549,0.400207,0.272377,0.189460,0.588235,0.680351,0.463041,0.322082
22.160278,0.596078,0.466667,0.345098,0.298039,0.231373,0.172549,0.400207,0.272377,0.189460,0.588235,0.680351,0.463041,0.322082
22.243902,0.596078,0.466667,0.345098,0.298039,0.231373,0.172549,0.400207,0.272377,0.189460,0.588235,0.680351,0.463041,0.322082
22.327526,0.596078,0.466667,0.345098,0.298039,0.231373,0.172549,0.400207,0.272377,0.189460,0.588235,0.680351,0.463041,0.322082
22.411150,0.596078,0.466667,0.345098,0.298039,0.231373,0.172549,0.400207,0.272377,0.189460,0.588235,0.680351,0.463041,0.322082
22.494774,0.596078,0.466667,0.345098,0.298039,0.231373,0.172549,0.400207,0.272377,0.189460,0.588235,0.680351,0.463041,0.322082
22.578398,0.596078,0.466667,0.345098,0.298039,0.231373,0.172549,0.400207,0.272377,0.189460,0.588235,0.680351,0.463041,0.322082
22.662022,0.596078,0.466667,0.345098,0.298039,0.231373,0.172549,0.400207,0.272377,0.189460,0.588235,0.680351,0.463041,0.322082
22.745644,0.596078,0.466667,0.345098,0.298039,0.231373,0.172549,0.400207,0.272377,0.189460,0.588235,0.680351,0.463041,0.322082
22.829268,0.596078,0.466667,0.345098,0.298039,0.231373,0.172549,0.400207,0.272377,0.189460,0.588235,0.680351,0.463041,0.322082
22.912891,0.596078,0.466667,0.345098,0.298039,0.231373,0.172549,0.400207,0.272377,0.189460,0.588235,0.680351,0.463041,0.322082
22.996517,0.596078,0.466667,0.345098,0.298039,0.231373,0.172549,0.400207,0.272377,0.189460,0.588235,0.680351,0.463041,0.322082
23.080139,0.568627,0.458824,0.356863,0.282353,0.227451,0.176471,0.380967,0.271795,0.201012,0.566236,0.672805,0.480003,0.354996
23.163763,0.545098,0.454902,0.372549,0.270588,0.227451,0.184314,0.361244,0.270393,0.211522,0.543281,0.664931,0.497704,0.389342
23.247387,0.517647,0.450980,0.384314,0.258824,0.223529,0.192157,0.341883,0.268178,0.220455,0.520325,0.657057,0.515404,0.423687
23.331009,0.494118,0.443137,0.400000,0.247059,0.219608,0.200000,0.322884,0.265150,0.227811,0.497370,0.649183,0.533104,0.458032
23.414635,0.470588,0.439216,0.411765,0.235294,0.219608,0.203922,0.304246,0.261309,0.233591,0.474414,0.641309,0.550804,0.492378
23.498259,0.443137,0.435294,0.427451,0.219608,0.215686,0.211765,0.285969,0.256656,0.237794,0.451458,0.633435,0.568505,0.526723
23.581882,0.419608,0.427451,0.443137,0.207843,0.211765,0.219608,0.268054,0.251190,0.240419,0.428503,0.625560,0.586205,0.561068
23.665504,0.392157,0.423529,0.454902,0.196078,0.211765,0.227451,0.250501,0.244912,0.241468,0.405548,0.617686,0.603905,0.595413
23.749128,0.368627,0.419608,0.470588,0.184314,0.207843,0.235294,0.233309,0.237821,0.240941,0.382592,0.609812,0.621605,0.629758
23.832752,0.341176,0.411765,0.482353,0.168627,0.203922,0.239216,0.216479,0.229918,0.238836,0.359637,0.601938,0.639305,0.664103
23.916376,0.317647,0.407843,0.498039,0.156863,0.203922,0.247059,0.200010,0.221201,0.235154,0.336681,0.594064,0.657005,0.698449
23.990000,0.294118,0.403922,0.509804,0.145098,0.200000,0.254902,0.185810,0.212855,0.230608,0.316471,0.587131,0.672589,0.728687
