t_hours,intensity01
0.000000,0.356863
0.166667,0.378431
0.333333,0.415686
0.500000,0.449020
0.666667,0.478431
0.833333,0.509804
1.000000,0.545098
1.166667,0.570588
1.333333,0.596078
1.500000,0.621569
1.666667,0.613725
1.833333,0.611765
2.000000,0.611765
2.166667,0.611765
2.333333,0.611765
2.500000,0.600000
2.666667,0.588235
2.833333,0.568627
3.000000,0.560784
3.166667,0.552941
3.333333,0.541176
3.351007,0.584314
3.500000,0.529412
3.666667,0.517647
3.833333,0.505882
4.000000,0.501961
4.166667,0.490196
4.333333,0.478431
4.500000,0.527451
4.666667,0.454902
4.850000,0.447059
5.016667,0.443137
5.183333,0.431373
5.350000,0.427451
5.516667,0.411765
5.683333,0.407843
5.850000,0.376471
6.016667,0.380392
6.183333,0.372549
6.350000,0.360784
6.516667,0.345098
6.683333,0.325490
6.850000,0.305882
7.016667,0.282353
7.183333,0.262745
7.350000,0.262745
7.516667,0.266667
7.683333,0.276471
7.850000,0.288235
8.016666,0.301961
8.183333,0.313725
8.350000,0.333333
8.516666,0.352941
8.683333,0.376471
8.850000,0.396078
9.016666,0.419608
9.183333,0.439216
9.350000,0.460784
9.516666,0.482353
9.616667,0.494118
9.783334,0.521569
9.950000,0.549020
10.116667,0.574510
10.283334,0.598039
10.450000,0.631373
10.616667,0.643137
10.783334,0.650980
10.950000,0.662745
11.116667,0.674510
11.283334,0.686275
11.450000,0.698039
11.616667,0.705882
11.783334,0.717647
11.950000,0.729412
12.116667,0.737255
12.283334,0.741176
12.450000,0.756863
12.616667,0.768627
12.783334,0.780392
12.950000,0.792157
13.116667,0.800000
13.283334,0.811765
13.450000,0.823529
13.616667,0.829412
13.783334,0.817647
13.950000,0.815686
14.116667,0.809804
14.283334,0.805882
14.466667,0.800000
14.633333,0.796078
14.800000,0.794118
14.966667,0.790196
15.133333,0.786275
15.300000,0.782353
15.466667,0.776471
15.633333,0.772549
15.800000,0.766667
15.966667,0.762745
16.133333,0.758824
16.299999,0.754902
16.466667,0.752941
16.633333,0.739216
16.799999,0.725490
16.966667,0.709804
17.133333,0.688235
17.299999,0.672549
17.466667,0.658824
17.633333,0.652941
17.799999,0.639216
17.966667,0.625490
18.133333,0.609804
18.299999,0.596078
18.466667,0.584314
18.633333,0.574510
18.799999,0.560784
18.966667,0.550980
19.133333,0.539216
19.233334,0.533333
19.400000,0.519608
19.566668,0.503922
19.733334,0.449020
19.900000,0.425490
20.066668,0.400000
20.233334,0.374510
20.400000,0.350980
20.566668,0.323529
20.733334,0.298039
20.900000,0.274510
21.066668,0.252941
21.233334,0.229412
21.400000,0.207843
21.566668,0.182353
21.733334,0.154902
21.900000,0.129412
22.066668,0.115686
22.233334,0.098039
22.400000,0.076471
22.566668,0.074510
22.733334,0.109804
22.900000,0.137255
23.066668,0.172549
23.233334,0.196078
23.400000,0.239216
23.566668,0.274510
23.733334,0.305882
23.900000,0.337255
