t_hours,terrainR01,terrainG01,terrainB01,staticR01,staticG01,staticB01,bspR01,bspG01,bspB01,hsvTerX,hsvTerY,hsvTerZ,hsvTerBri,hsvSmX,hsvSmY,hsvSmZ,hsvSmBri
0.000000,0.200000,0.384314,0.478431,0.200000,0.384314,0.478431,0.156863,0.352941,0.431373,0.344818,0.396886,0.431055,150.000000,0.183903,0.211672,0.229896,80.000000
0.083624,0.200000,0.384314,0.478431,0.200000,0.384314,0.478431,0.156863,0.352941,0.431373,0.354429,0.407949,0.443071,154.181183,0.187747,0.216098,0.234702,81.672470
0.167247,0.200000,0.384314,0.478431,0.200000,0.384314,0.478431,0.156863,0.352941,0.431373,0.364041,0.419012,0.455086,158.362366,0.191592,0.220523,0.239509,83.344948
0.250871,0.200000,0.384314,0.478431,0.200000,0.384314,0.478431,0.156863,0.352941,0.431373,0.373652,0.430075,0.467102,162.543549,0.195437,0.224948,0.244315,85.017418
0.334495,0.200000,0.384314,0.478431,0.200000,0.384314,0.478431,0.156863,0.352941,0.431373,0.383264,0.441138,0.479117,166.724731,0.199281,0.229373,0.249121,86.689896
0.418118,0.200000,0.384314,0.478431,0.200000,0.384314,0.478431,0.156863,0.352941,0.431373,0.392876,0.452201,0.491133,170.905930,0.203126,0.233798,0.253927,88.362366
0.501742,0.200000,0.384314,0.478431,0.200000,0.384314,0.478431,0.156863,0.352941,0.431373,0.402487,0.463264,0.503148,175.087112,0.206971,0.238224,0.258733,90.034843
0.585366,0.200000,0.384314,0.478431,0.200000,0.384314,0.478431,0.156863,0.352941,0.431373,0.412099,0.474327,0.515164,179.268295,0.210815,0.242649,0.263539,91.707314
0.668990,0.200000,0.384314,0.478431,0.200000,0.384314,0.478431,0.156863,0.352941,0.431373,0.421711,0.485390,0.527179,183.449478,0.214660,0.247074,0.268346,93.379791
0.752613,0.200000,0.384314,0.478431,0.200000,0.384314,0.478431,0.156863,0.352941,0.431373,0.431322,0.496453,0.539195,187.630661,0.218505,0.251499,0.273152,95.052269
0.836237,0.200000,0.384314,0.478431,0.200000,0.384314,0.478431,0.156863,0.352941,0.431373,0.440934,0.507516,0.551210,191.811844,0.222349,0.255924,0.277958,96.724739
0.919861,0.200000,0.384314,0.478431,0.200000,0.384314,0.478431,0.156863,0.352941,0.431373,0.450545,0.518579,0.563226,195.993027,0.226194,0.260350,0.282764,98.397217
1.003484,0.200000,0.384314,0.478431,0.200000,0.384314,0.478431,0.156863,0.352941,0.431373,0.459757,0.529181,0.574740,200.000000,0.229914,0.264599,0.287397,100.000000
1.087108,0.200000,0.384314,0.478431,0.200000,0.384314,0.478431,0.156863,0.352941,0.431373,0.459757,0.529181,0.574740,200.000000,0.230759,0.264803,0.288038,100.000000
1.170732,0.200000,0.384314,0.478431,0.200000,0.384314,0.478431,0.156863,0.352941,0.431373,0.459757,0.529181,0.574740,200.000000,0.231604,0.265006,0.288679,100.000000
1.254355,0.200000,0.384314,0.478431,0.200000,0.384314,0.478431,0.156863,0.352941,0.431373,0.459757,0.529181,0.574740,200.000000,0.232448,0.265210,0.289320,100.000000
1.337979,0.200000,0.384314,0.478431,0.200000,0.384314,0.478431,0.156863,0.352941,0.431373,0.459757,0.529181,0.574740,200.000000,0.233293,0.265414,0.289962,100.000000
1.421603,0.200000,0.384314,0.478431,0.200000,0.384314,0.478431,0.156863,0.352941,0.431373,0.459757,0.529181,0.574740,200.000000,0.234138,0.265618,0.290603,100.000000
1.505227,0.200000,0.384314,0.478431,0.200000,0.384314,0.478431,0.156863,0.352941,0.431373,0.459757,0.529181,0.574740,200.000000,0.234983,0.265822,0.291244,100.000000
1.588850,0.200000,0.384314,0.478431,0.200000,0.384314,0.478431,0.156863,0.352941,0.431373,0.459757,0.529181,0.574740,200.000000,0.235828,0.266025,0.291885,100.000000
1.672474,0.200000,0.384314,0.478431,0.200000,0.384314,0.478431,0.156863,0.352941,0.431373,0.459757,0.529181,0.574740,200.000000,0.236673,0.266229,0.292526,100.000000
1.756098,0.200000,0.384314,0.478431,0.200000,0.384314,0.478431,0.156863,0.352941,0.431373,0.459757,0.529181,0.574740,200.000000,0.237518,0.266433,0.293168,100.000000
1.839721,0.200000,0.384314,0.478431,0.200000,0.384314,0.478431,0.156863,0.352941,0.431373,0.459757,0.529181,0.574740,200.000000,0.238363,0.266637,0.293809,100.000000
1.923345,0.200000,0.384314,0.478431,0.200000,0.384314,0.478431,0.156863,0.352941,0.431373,0.459757,0.529181,0.574740,200.000000,0.239208,0.266841,0.294450,100.000000
2.006968,0.200000,0.384314,0.478431,0.200000,0.384314,0.478431,0.156863,0.352941,0.431373,0.459757,0.529181,0.574740,200.000000,0.239578,0.266638,0.294573,99.860626
2.090592,0.200000,0.384314,0.478431,0.200000,0.384314,0.478431,0.156863,0.352941,0.431373,0.459757,0.529181,0.574740,200.000000,0.234736,0.261973,0.289010,98.188156
2.174216,0.200000,0.384314,0.478431,0.200000,0.384314,0.478431,0.156863,0.352941,0.431373,0.459757,0.529181,0.574740,200.000000,0.229922,0.257314,0.283468,96.515678
2.257840,0.200000,0.384314,0.478431,0.200000,0.384314,0.478431,0.156863,0.352941,0.431373,0.459757,0.529181,0.574740,200.000000,0.225136,0.252661,0.277948,94.843208
2.341463,0.200000,0.384314,0.478431,0.200000,0.384314,0.478431,0.156863,0.352941,0.431373,0.459757,0.529181,0.574740,200.000000,0.220379,0.248016,0.272449,93.170731
2.425087,0.200000,0.384314,0.478431,0.200000,0.384314,0.478431,0.156863,0.352941,0.431373,0.459757,0.529181,0.574740,200.000000,0.215650,0.243378,0.266972,91.498260
2.508711,0.200000,0.384314,0.478431,0.200000,0.384314,0.478431,0.156863,0.352941,0.431373,0.459757,0.529181,0.574740,200.000000,0.210949,0.238746,0.261516,89.825783
2.592335,0.200000,0.384314,0.478431,0.200000,0.384314,0.478431,0.156863,0.352941,0.431373,0.459757,0.529181,0.574740,200.000000,0.206277,0.234121,0.256082,88.153313
2.675958,0.200000,0.384314,0.478431,0.200000,0.384314,0.478431,0.156863,0.352941,0.431373,0.459757,0.529181,0.574740,200.000000,0.201632,0.229503,0.250669,86.480835
2.759582,0.200000,0.384314,0.478431,0.200000,0.384314,0.478431,0.156863,0.352941,0.431373,0.459757,0.529181,0.574740,200.000000,0.197016,0.224892,0.245277,84.808365
2.843205,0.200000,0.384314,0.478431,0.200000,0.384314,0.478431,0.156863,0.352941,0.431373,0.459757,0.529181,0.574740,200.000000,0.192429,0.220287,0.239907,83.135895
2.926829,0.200000,0.384314,0.478431,0.200000,0.384314,0.478431,0.156863,0.352941,0.431373,0.459757,0.529181,0.574740,200.000000,0.187869,0.215690,0.234559,81.463409
3.010453,0.200000,0.384314,0.478431,0.200000,0.384314,0.478431,0.156863,0.352941,0.431373,0.459757,0.529181,0.574740,200.000000,0.183903,0.211672,0.229896,80.000000
3.094077,0.200000,0.384314,0.478431,0.200000,0.384314,0.478431,0.156863,0.352941,0.431373,0.459757,0.529181,0.574740,200.000000,0.183903,0.211672,0.229896,80.000000
3.177700,0.200000,0.384314,0.478431,0.200000,0.384314,0.478431,0.156863,0.352941,0.431373,0.459757,0.529181,0.574740,200.000000,0.183903,0.211672,0.229896,80.000000
3.261324,0.200000,0.384314,0.478431,0.200000,0.384314,0.478431,0.156863,0.352941,0.431373,0.459757,0.529181,0.574740,200.000000,0.183903,0.211672,0.229896,80.000000
3.344948,0.200000,0.384314,0.478431,0.200000,0.384314,0.478431,0.156863,0.352941,0.431373,0.459757,0.529181,0.574740,200.000000,0.183903,0.211672,0.229896,80.000000
3.428572,0.200000,0.384314,0.478431,0.200000,0.384314,0.478431,0.156863,0.352941,0.431373,0.459757,0.529181,0.574740,200.000000,0.183903,0.211672,0.229896,80.000000
3.512195,0.200000,0.384314,0.478431,0.200000,0.384314,0.478431,0.156863,0.352941,0.431373,0.459757,0.529181,0.574740,200.000000,0.183903,0.211672,0.229896,80.000000
3.595819,0.200000,0.384314,0.478431,0.200000,0.384314,0.478431,0.156863,0.352941,0.431373,0.459757,0.529181,0.574740,200.000000,0.183903,0.211672,0.229896,80.000000
3.679442,0.200000,0.384314,0.478431,0.200000,0.384314,0.478431,0.156863,0.352941,0.431373,0.459757,0.529181,0.574740,200.000000,0.183903,0.211672,0.229896,80.000000
3.763066,0.200000,0.384314,0.478431,0.200000,0.384314,0.478431,0.156863,0.352941,0.431373,0.459757,0.529181,0.574740,200.000000,0.183903,0.211672,0.229896,80.000000
3.846690,0.200000,0.384314,0.478431,0.200000,0.384314,0.478431,0.156863,0.352941,0.431373,0.459757,0.529181,0.574740,200.000000,0.183903,0.211672,0.229896,80.000000
3.930314,0.200000,0.384314,0.478431,0.200000,0.384314,0.478431,0.156863,0.352941,0.431373,0.459757,0.529181,0.574740,200.000000,0.183903,0.211672,0.229896,80.000000
4.013937,0.200000,0.384314,0.478431,0.200000,0.384314,0.478431,0.156863,0.352941,0.427451,0.459757,0.529181,0.574740,200.000000,0.183903,0.211672,0.229896,80.000000
4.097561,0.207843,0.384314,0.478431,0.200000,0.384314,0.478431,0.164706,0.352941,0.427451,0.459757,0.529181,0.574740,200.000000,0.183903,0.211672,0.229896,80.000000
4.181185,0.215686,0.384314,0.478431,0.200000,0.384314,0.478431,0.172549,0.352941,0.427451,0.459757,0.529181,0.574740,200.000000,0.183903,0.211672,0.229896,80.000000
4.264809,0.223529,0.388235,0.482353,0.200000,0.384314,0.478431,0.180392,0.352941,0.423529,0.459757,0.529181,0.574740,200.000000,0.183903,0.211672,0.229896,80.000000
4.348432,0.231373,0.388235,0.482353,0.200000,0.384314,0.478431,0.188235,0.352941,0.423529,0.459757,0.529181,0.574740,200.000000,0.183903,0.211672,0.229896,80.000000
4.432055,0.239216,0.392157,0.486275,0.200000,0.384314,0.478431,0.196078,0.352941,0.419608,0.459757,0.529181,0.574740,200.000000,0.183903,0.211672,0.229896,80.000000
4.515679,0.247059,0.392157,0.486275,0.200000,0.384314,0.478431,0.203922,0.356863,0.419608,0.459757,0.529181,0.574740,200.000000,0.183903,0.211672,0.229896,80.000000
4.599303,0.254902,0.392157,0.486275,0.200000,0.384314,0.478431,0.211765,0.356863,0.419608,0.459757,0.529181,0.574740,200.000000,0.183903,0.211672,0.229896,80.000000
4.682927,0.262745,0.396078,0.490196,0.200000,0.384314,0.478431,0.223529,0.356863,0.415686,0.459757,0.529181,0.574740,200.000000,0.183903,0.211672,0.229896,80.000000
4.766551,0.270588,0.396078,0.490196,0.200000,0.384314,0.478431,0.231373,0.356863,0.415686,0.459757,0.529181,0.574740,200.000000,0.183903,0.211672,0.229896,80.000000
4.850174,0.278431,0.400000,0.494118,0.200000,0.384314,0.478431,0.239216,0.356863,0.411765,0.459757,0.529181,0.574740,200.000000,0.183903,0.211672,0.229896,80.000000
4.933798,0.286275,0.400000,0.494118,0.200000,0.384314,0.478431,0.247059,0.356863,0.411765,0.459757,0.529181,0.574740,200.000000,0.183903,0.211672,0.229896,80.000000
5.017422,0.294118,0.403922,0.498039,0.200000,0.384314,0.478431,0.254902,0.360784,0.407843,0.457418,0.523625,0.566483,198.257828,0.185379,0.212211,0.229580,80.348434
5.101045,0.301961,0.403922,0.498039,0.215686,0.388235,0.482353,0.262745,0.360784,0.407843,0.445787,0.497190,0.527643,189.895493,0.192547,0.214750,0.227903,82.020905
5.184669,0.309804,0.403922,0.498039,0.235294,0.388235,0.482353,0.270588,0.360784,0.407843,0.433480,0.471138,0.490119,181.533096,0.199850,0.217212,0.225963,83.693382
5.268292,0.317647,0.407843,0.501961,0.250980,0.392157,0.486275,0.278431,0.360784,0.403922,0.420499,0.445469,0.453912,173.170761,0.207288,0.219598,0.223760,85.365845
5.351916,0.325490,0.407843,0.501961,0.266667,0.396078,0.490196,0.286275,0.364706,0.403922,0.406843,0.420183,0.419021,164.808365,0.214861,0.221907,0.221293,87.038330
5.435540,0.333333,0.411765,0.505882,0.282353,0.400000,0.494118,0.294118,0.364706,0.400000,0.392512,0.395280,0.385447,156.445984,0.222569,0.224139,0.218563,88.710800
5.519164,0.341176,0.411765,0.505882,0.298039,0.403922,0.498039,0.301961,0.364706,0.400000,0.377506,0.370761,0.353189,148.083649,0.230412,0.226295,0.215570,90.383270
5.602787,0.352941,0.415686,0.509804,0.313726,0.407843,0.501961,0.313726,0.364706,0.396078,0.361825,0.346624,0.322247,139.721252,0.238390,0.228374,0.212313,92.055748
5.686411,0.360784,0.415686,0.509804,0.329412,0.407843,0.501961,0.321569,0.368627,0.396078,0.345470,0.322870,0.292621,131.358917,0.246503,0.230377,0.208793,93.728218
5.770035,0.368627,0.415686,0.509804,0.345098,0.411765,0.505882,0.329412,0.368627,0.396078,0.328440,0.299499,0.264312,122.996521,0.254750,0.232303,0.205010,95.400696
5.853659,0.376471,0.419608,0.513726,0.360784,0.415686,0.509804,0.337255,0.368627,0.392157,0.310735,0.276511,0.237319,114.634132,0.263133,0.234152,0.200964,97.073174
5.937282,0.384314,0.419608,0.513726,0.376471,0.419608,0.513726,0.345098,0.368627,0.392157,0.292355,0.253906,0.211643,106.271790,0.271651,0.235925,0.196654,98.745644
6.020906,0.388235,0.419608,0.513726,0.392157,0.419608,0.513726,0.352941,0.372549,0.392157,0.298479,0.254561,0.207390,107.317261,0.279263,0.238144,0.193978,100.418129
6.104529,0.384314,0.415686,0.505882,0.392157,0.419608,0.501961,0.352941,0.372549,0.392157,0.379881,0.323986,0.263950,136.585281,0.283804,0.241897,0.196885,102.090591
6.188153,0.376471,0.407843,0.498039,0.392157,0.415686,0.490196,0.356863,0.372549,0.392157,0.461285,0.393412,0.320511,165.853638,0.288341,0.245643,0.199782,103.763062
6.271777,0.372549,0.400000,0.490196,0.392157,0.411765,0.482353,0.356863,0.372549,0.392157,0.542688,0.462837,0.377072,195.122009,0.292875,0.249382,0.202668,105.435547
6.355401,0.364706,0.396078,0.482353,0.392157,0.411765,0.470588,0.360784,0.372549,0.392157,0.624091,0.532263,0.433633,224.390198,0.297405,0.253114,0.205543,107.108009
6.439025,0.360784,0.388235,0.474510,0.392157,0.407843,0.458824,0.364706,0.372549,0.392157,0.705495,0.601689,0.490194,253.658722,0.301931,0.256840,0.208408,108.780502
6.522648,0.352941,0.384314,0.466667,0.392157,0.403922,0.450980,0.364706,0.376471,0.392157,0.786897,0.671114,0.546754,282.926758,0.306454,0.260558,0.211262,110.452957
6.606272,0.349020,0.376471,0.462745,0.392157,0.403922,0.439216,0.368627,0.376471,0.392157,0.868301,0.740540,0.603315,312.195129,0.310973,0.264269,0.214106,112.125435
6.689896,0.341176,0.368627,0.454902,0.392157,0.400000,0.427451,0.368627,0.376471,0.392157,0.949704,0.809965,0.659876,341.463470,0.315488,0.267973,0.216939,113.797913
6.773519,0.337255,0.364706,0.447059,0.392157,0.396078,0.419608,0.372549,0.376471,0.392157,1.031107,0.879391,0.716437,370.731659,0.320000,0.271671,0.219761,115.470383
6.857143,0.329412,0.356863,0.439216,0.392157,0.396078,0.407843,0.376471,0.376471,0.392157,1.112511,0.948817,0.772998,400.000183,0.324509,0.275361,0.222573,117.142868
6.940766,0.325490,0.352941,0.431373,0.392157,0.392157,0.396078,0.376471,0.376471,0.392157,1.193913,1.018242,0.829558,429.268219,0.329013,0.279044,0.225374,118.815323
7.024390,0.321569,0.349020,0.427451,0.392157,0.392157,0.392157,0.380392,0.380392,0.392157,1.251574,1.067419,0.869622,450.000000,0.332877,0.282222,0.227814,120.243904
7.108014,0.321569,0.349020,0.427451,0.392157,0.392157,0.392157,0.380392,0.380392,0.392157,1.251574,1.067419,0.869622,450.000000,0.335192,0.284184,0.229399,121.080139
7.191638,0.321569,0.349020,0.427451,0.392157,0.392157,0.392157,0.380392,0.380392,0.392157,1.251574,1.067419,0.869622,450.000000,0.337507,0.286147,0.230983,121.916374
7.275262,0.321569,0.349020,0.427451,0.392157,0.392157,0.392157,0.384314,0.384314,0.392157,1.251574,1.067419,0.869622,450.000000,0.339822,0.288110,0.232567,122.752617
7.358885,0.321569,0.349020,0.427451,0.392157,0.392157,0.392157,0.384314,0.384314,0.392157,1.251574,1.067419,0.869622,450.000000,0.342137,0.290073,0.234152,123.588852
7.442509,0.321569,0.349020,0.427451,0.392157,0.392157,0.392157,0.384314,0.384314,0.392157,1.251574,1.067419,0.869622,450.000000,0.344452,0.292035,0.235736,124.425087
7.526133,0.321569,0.349020,0.427451,0.392157,0.392157,0.392157,0.388235,0.388235,0.392157,1.251574,1.067419,0.869622,450.000000,0.346767,0.293998,0.237320,125.261322
7.609756,0.321569,0.349020,0.427451,0.392157,0.392157,0.392157,0.388235,0.388235,0.392157,1.251574,1.067419,0.869622,450.000000,0.349082,0.295961,0.238905,126.097557
7.693380,0.321569,0.349020,0.427451,0.392157,0.392157,0.392157,0.388235,0.388235,0.392157,1.251574,1.067419,0.869622,450.000000,0.351397,0.297923,0.240489,126.933807
7.777003,0.321569,0.349020,0.427451,0.392157,0.392157,0.392157,0.392157,0.392157,0.392157,1.251574,1.067419,0.869622,450.000000,0.353712,0.299886,0.242073,127.770035
7.860627,0.321569,0.349020,0.427451,0.392157,0.392157,0.392157,0.392157,0.392157,0.392157,1.251574,1.067419,0.869622,450.000000,0.356027,0.301849,0.243658,128.606277
7.944251,0.321569,0.349020,0.427451,0.392157,0.392157,0.392157,0.392157,0.392157,0.392157,1.251574,1.067419,0.869622,450.000000,0.358342,0.303812,0.245242,129.442505
8.027874,0.321569,0.349020,0.427451,0.392157,0.392157,0.392157,0.392157,0.392157,0.392157,1.251574,1.067419,0.869622,450.000000,0.359885,0.305120,0.246298,130.000000
8.111499,0.321569,0.349020,0.427451,0.392157,0.392157,0.392157,0.392157,0.392157,0.392157,1.251574,1.067419,0.869622,450.000000,0.359885,0.305120,0.246298,130.000000
8.195122,0.321569,0.349020,0.427451,0.392157,0.392157,0.392157,0.388235,0.388235,0.388235,1.251574,1.067419,0.869622,450.000000,0.359885,0.305120,0.246298,130.000000
8.278746,0.321569,0.349020,0.427451,0.392157,0.392157,0.392157,0.388235,0.388235,0.388235,1.251574,1.067419,0.869622,450.000000,0.359885,0.305120,0.246298,130.000000
8.362370,0.321569,0.349020,0.427451,0.392157,0.392157,0.392157,0.384314,0.384314,0.384314,1.251574,1.067419,0.869622,450.000000,0.359885,0.305120,0.246298,130.000000
8.445993,0.321569,0.349020,0.427451,0.392157,0.392157,0.392157,0.384314,0.384314,0.384314,1.251574,1.067419,0.869622,450.000000,0.359885,0.305120,0.246298,130.000000
8.529617,0.321569,0.349020,0.427451,0.392157,0.392157,0.392157,0.380392,0.380392,0.380392,1.251574,1.067419,0.869622,450.000000,0.359885,0.305120,0.246298,130.000000
8.613240,0.321569,0.349020,0.427451,0.392157,0.392157,0.392157,0.380392,0.380392,0.380392,1.251574,1.067419,0.869622,450.000000,0.359885,0.305120,0.246298,130.000000
8.696864,0.321569,0.349020,0.427451,0.392157,0.392157,0.392157,0.376471,0.376471,0.376471,1.251574,1.067419,0.869622,450.000000,0.359885,0.305120,0.246298,130.000000
8.780488,0.321569,0.349020,0.427451,0.392157,0.392157,0.392157,0.376471,0.376471,0.376471,1.251574,1.067419,0.869622,450.000000,0.359885,0.305120,0.246298,130.000000
8.864111,0.321569,0.349020,0.427451,0.392157,0.392157,0.392157,0.372549,0.372549,0.372549,1.251574,1.067419,0.869622,450.000000,0.359885,0.305120,0.246298,130.000000
8.947736,0.321569,0.349020,0.427451,0.392157,0.392157,0.392157,0.372549,0.372549,0.372549,1.251574,1.067419,0.869622,450.000000,0.359885,0.305120,0.246298,130.000000
9.031359,0.321569,0.349020,0.423529,0.392157,0.392157,0.392157,0.372549,0.372549,0.372549,1.232358,1.057582,0.869861,440.905975,0.359112,0.306448,0.249883,129.059235
9.114983,0.329412,0.352941,0.419608,0.392157,0.392157,0.392157,0.372549,0.372549,0.372549,1.179890,1.028986,0.866905,416.655029,0.356920,0.309738,0.259061,126.550522
9.198606,0.333333,0.356863,0.419608,0.392157,0.392157,0.392157,0.372549,0.372549,0.372549,1.125640,0.996948,0.858723,392.404114,0.354538,0.312661,0.267682,124.041809
9.282230,0.341176,0.360784,0.415686,0.392157,0.392157,0.392157,0.372549,0.372549,0.372549,1.069606,0.961466,0.845316,368.153198,0.351966,0.315217,0.275747,121.533089
9.365853,0.345098,0.364706,0.411765,0.392157,0.392157,0.392157,0.372549,0.372549,0.372549,1.011791,0.922543,0.826684,343.902527,0.349204,0.317407,0.283255,119.024399
9.449477,0.352941,0.364706,0.407843,0.392157,0.392157,0.392157,0.372549,0.372549,0.372549,0.952192,0.880176,0.802827,319.651611,0.346253,0.319230,0.290207,116.515686
9.533101,0.356863,0.368627,0.407843,0.392157,0.392157,0.392157,0.372549,0.372549,0.372549,0.890810,0.834367,0.773744,295.400696,0.343111,0.320687,0.296602,114.006966
9.616725,0.364706,0.372549,0.403922,0.392157,0.392157,0.392157,0.372549,0.372549,0.372549,0.827645,0.785116,0.739436,271.149780,0.339780,0.321777,0.302441,111.498253
9.700348,0.368627,0.376471,0.400000,0.392157,0.392157,0.392157,0.372549,0.372549,0.372549,0.762699,0.732422,0.699903,246.899109,0.336259,0.322500,0.307723,108.989563
9.783972,0.376471,0.380392,0.396078,0.392157,0.392157,0.392157,0.372549,0.372549,0.372549,0.695969,0.676285,0.655144,222.648178,0.332548,0.322857,0.312449,106.480850
9.867596,0.380392,0.384314,0.396078,0.392157,0.392157,0.392157,0.372549,0.372549,0.372549,0.627456,0.616706,0.605160,198.397247,0.328647,0.322847,0.316619,103.972130
9.951220,0.388235,0.388235,0.392157,0.392157,0.392157,0.392157,0.372549,0.372549,0.372549,0.557161,0.553684,0.549950,174.146332,0.324556,0.322471,0.320232,101.463409
10.034843,0.392157,0.392157,0.392157,0.392157,0.392157,0.392157,0.372549,0.372549,0.372549,0.515332,0.515332,0.515332,160.000000,0.322082,0.322082,0.322082,100.000000
10.118467,0.400000,0.400000,0.400000,0.400000,0.400000,0.400000,0.372549,0.372549,0.372549,0.515332,0.515332,0.515332,160.000000,0.322082,0.322082,0.322082,100.000000
10.202090,0.407843,0.407843,0.407843,0.407843,0.407843,0.407843,0.376471,0.376471,0.376471,0.515332,0.515332,0.515332,160.000000,0.322082,0.322082,0.322082,100.000000
10.285714,0.411765,0.411765,0.411765,0.411765,0.411765,0.411765,0.376471,0.376471,0.376471,0.515332,0.515332,0.515332,160.000000,0.322082,0.322082,0.322082,100.000000
10.369338,0.419608,0.419608,0.419608,0.419608,0.419608,0.419608,0.376471,0.376471,0.376471,0.515332,0.515332,0.515332,160.000000,0.322082,0.322082,0.322082,100.000000
10.452962,0.427451,0.427451,0.427451,0.427451,0.427451,0.427451,0.380392,0.380392,0.380392,0.515332,0.515332,0.515332,160.000000,0.322082,0.322082,0.322082,100.000000
10.536585,0.431373,0.431373,0.431373,0.431373,0.431373,0.431373,0.380392,0.380392,0.380392,0.515332,0.515332,0.515332,160.000000,0.322082,0.322082,0.322082,100.000000
10.620209,0.439216,0.439216,0.439216,0.439216,0.439216,0.439216,0.384314,0.384314,0.384314,0.515332,0.515332,0.515332,160.000000,0.322082,0.322082,0.322082,100.000000
10.703833,0.447059,0.447059,0.447059,0.447059,0.447059,0.447059,0.384314,0.384314,0.384314,0.515332,0.515332,0.515332,160.000000,0.322082,0.322082,0.322082,100.000000
10.787457,0.450980,0.450980,0.450980,0.450980,0.450980,0.450980,0.384314,0.384314,0.384314,0.515332,0.515332,0.515332,160.000000,0.322082,0.322082,0.322082,100.000000
10.871080,0.458824,0.458824,0.458824,0.458824,0.458824,0.458824,0.388235,0.388235,0.388235,0.515332,0.515332,0.515332,160.000000,0.322082,0.322082,0.322082,100.000000
10.954704,0.466667,0.466667,0.466667,0.466667,0.466667,0.466667,0.388235,0.388235,0.388235,0.515332,0.515332,0.515332,160.000000,0.322082,0.322082,0.322082,100.000000
11.038327,0.470588,0.470588,0.470588,0.470588,0.470588,0.470588,0.392157,0.392157,0.392157,0.520269,0.520269,0.520269,161.533081,0.322082,0.322082,0.322082,100.000000
11.121951,0.470588,0.470588,0.470588,0.470588,0.470588,0.470588,0.400000,0.400000,0.400000,0.531043,0.531043,0.531043,164.878052,0.322082,0.322082,0.322082,100.000000
11.205575,0.470588,0.470588,0.470588,0.470588,0.470588,0.470588,0.407843,0.407843,0.407843,0.541816,0.541816,0.541816,168.222992,0.322082,0.322082,0.322082,100.000000
11.289199,0.470588,0.470588,0.470588,0.470588,0.470588,0.470588,0.411765,0.411765,0.411765,0.552590,0.552590,0.552590,171.567963,0.322082,0.322082,0.322082,100.000000
11.372822,0.470588,0.470588,0.470588,0.470588,0.470588,0.470588,0.419608,0.419608,0.419608,0.563363,0.563363,0.563363,174.912872,0.322082,0.322082,0.322082,100.000000
11.456446,0.470588,0.470588,0.470588,0.470588,0.470588,0.470588,0.427451,0.427451,0.427451,0.574137,0.574137,0.574137,178.257828,0.322082,0.322082,0.322082,100.000000
11.540070,0.470588,0.470588,0.470588,0.470588,0.470588,0.470588,0.431373,0.431373,0.431373,0.584910,0.584910,0.584910,181.602783,0.322082,0.322082,0.322082,100.000000
11.623693,0.470588,0.470588,0.470588,0.470588,0.470588,0.470588,0.439216,0.439216,0.439216,0.595684,0.595684,0.595684,184.947739,0.322082,0.322082,0.322082,100.000000
11.707317,0.470588,0.470588,0.470588,0.470588,0.470588,0.470588,0.447059,0.447059,0.447059,0.606457,0.606457,0.606457,188.292694,0.322082,0.322082,0.322082,100.000000
11.790941,0.470588,0.470588,0.470588,0.470588,0.470588,0.470588,0.450980,0.450980,0.450980,0.617231,0.617231,0.617231,191.637650,0.322082,0.322082,0.322082,100.000000
11.874564,0.470588,0.470588,0.470588,0.470588,0.470588,0.470588,0.458824,0.458824,0.458824,0.628004,0.628004,0.628004,194.982574,0.322082,0.322082,0.322082,100.000000
11.958188,0.470588,0.470588,0.470588,0.470588,0.470588,0.470588,0.466667,0.466667,0.466667,0.638778,0.638778,0.638778,198.327515,0.322082,0.322082,0.322082,100.000000
12.041813,0.470588,0.470588,0.470588,0.470588,0.470588,0.470588,0.470588,0.470588,0.470588,0.644165,0.644165,0.644165,200.000000,0.322082,0.322082,0.322082,100.000000
12.125436,0.470588,0.470588,0.470588,0.470588,0.470588,0.470588,0.470588,0.470588,0.470588,0.644165,0.644165,0.644165,200.000000,0.322082,0.322082,0.322082,100.000000
12.209059,0.470588,0.470588,0.470588,0.470588,0.470588,0.470588,0.470588,0.470588,0.470588,0.644165,0.644165,0.644165,200.000000,0.322082,0.322082,0.322082,100.000000
12.292683,0.470588,0.470588,0.470588,0.470588,0.470588,0.470588,0.470588,0.470588,0.470588,0.644165,0.644165,0.644165,200.000000,0.322082,0.322082,0.322082,100.000000
12.376307,0.470588,0.470588,0.470588,0.470588,0.470588,0.470588,0.470588,0.470588,0.470588,0.644165,0.644165,0.644165,200.000000,0.322082,0.322082,0.322082,100.000000
12.459930,0.470588,0.470588,0.470588,0.470588,0.470588,0.470588,0.470588,0.470588,0.470588,0.644165,0.644165,0.644165,200.000000,0.322082,0.322082,0.322082,100.000000
12.543554,0.470588,0.470588,0.470588,0.470588,0.470588,0.470588,0.470588,0.470588,0.470588,0.644165,0.644165,0.644165,200.000000,0.322082,0.322082,0.322082,100.000000
12.627178,0.470588,0.470588,0.470588,0.470588,0.470588,0.470588,0.470588,0.470588,0.470588,0.644165,0.644165,0.644165,200.000000,0.322082,0.322082,0.322082,100.000000
12.710801,0.470588,0.470588,0.470588,0.470588,0.470588,0.470588,0.470588,0.470588,0.470588,0.644165,0.644165,0.644165,200.000000,0.322082,0.322082,0.322082,100.000000
12.794424,0.470588,0.470588,0.470588,0.470588,0.470588,0.470588,0.470588,0.470588,0.470588,0.644165,0.644165,0.644165,200.000000,0.322082,0.322082,0.322082,100.000000
12.878050,0.470588,0.470588,0.470588,0.470588,0.470588,0.470588,0.470588,0.470588,0.470588,0.644165,0.644165,0.644165,200.000000,0.322082,0.322082,0.322082,100.000000
12.961673,0.470588,0.470588,0.470588,0.470588,0.470588,0.470588,0.470588,0.470588,0.470588,0.644165,0.644165,0.644165,200.000000,0.322082,0.322082,0.322082,100.000000
13.045296,0.470588,0.470588,0.470588,0.470588,0.470588,0.470588,0.470588,0.470588,0.470588,0.644165,0.644165,0.644165,200.000000,0.320623,0.320623,0.320623,99.547043
13.128920,0.470588,0.470588,0.470588,0.470588,0.470588,0.470588,0.470588,0.470588,0.470588,0.644165,0.644165,0.644165,200.000000,0.317930,0.317930,0.317930,98.710800
13.212543,0.470588,0.470588,0.470588,0.470588,0.470588,0.470588,0.470588,0.470588,0.470588,0.644165,0.644165,0.644165,200.000000,0.315237,0.315237,0.315237,97.874565
13.296167,0.470588,0.470588,0.470588,0.470588,0.470588,0.470588,0.470588,0.470588,0.470588,0.644165,0.644165,0.644165,200.000000,0.312543,0.312543,0.312543,97.038330
13.379791,0.470588,0.470588,0.470588,0.470588,0.470588,0.470588,0.470588,0.470588,0.470588,0.644165,0.644165,0.644165,200.000000,0.309850,0.309850,0.309850,96.202087
13.463415,0.470588,0.470588,0.470588,0.470588,0.470588,0.470588,0.470588,0.470588,0.470588,0.644165,0.644165,0.644165,200.000000,0.307157,0.307157,0.307157,95.365845
13.547038,0.470588,0.470588,0.470588,0.470588,0.470588,0.470588,0.470588,0.470588,0.470588,0.644165,0.644165,0.644165,200.000000,0.304463,0.304463,0.304463,94.529617
13.630661,0.470588,0.470588,0.470588,0.470588,0.470588,0.470588,0.470588,0.470588,0.470588,0.644165,0.644165,0.644165,200.000000,0.301770,0.301770,0.301770,93.693390
13.714287,0.470588,0.470588,0.470588,0.470588,0.470588,0.470588,0.470588,0.470588,0.470588,0.644165,0.644165,0.644165,200.000000,0.299076,0.299076,0.299076,92.857132
13.797910,0.470588,0.470588,0.470588,0.470588,0.470588,0.470588,0.470588,0.470588,0.470588,0.644165,0.644165,0.644165,200.000000,0.296383,0.296383,0.296383,92.020905
13.881533,0.470588,0.470588,0.470588,0.470588,0.470588,0.470588,0.470588,0.470588,0.470588,0.644165,0.644165,0.644165,200.000000,0.293690,0.293690,0.293690,91.184677
13.965157,0.470588,0.470588,0.470588,0.470588,0.470588,0.470588,0.470588,0.470588,0.470588,0.644165,0.644165,0.644165,200.000000,0.290996,0.290996,0.290996,90.348434
14.048780,0.470588,0.470588,0.470588,0.470588,0.470588,0.470588,0.470588,0.470588,0.470588,0.644165,0.644165,0.644165,200.000000,0.289874,0.289874,0.289874,90.000000
14.132404,0.470588,0.470588,0.470588,0.470588,0.470588,0.470588,0.470588,0.470588,0.470588,0.644165,0.644165,0.644165,200.000000,0.289874,0.289874,0.289874,90.000000
14.216028,0.470588,0.470588,0.470588,0.470588,0.470588,0.470588,0.470588,0.470588,0.470588,0.644165,0.644165,0.644165,200.000000,0.289874,0.289874,0.289874,90.000000
14.299652,0.470588,0.470588,0.470588,0.470588,0.470588,0.470588,0.470588,0.470588,0.470588,0.644165,0.644165,0.644165,200.000000,0.289874,0.289874,0.289874,90.000000
14.383275,0.470588,0.470588,0.470588,0.470588,0.470588,0.470588,0.470588,0.470588,0.470588,0.644165,0.644165,0.644165,200.000000,0.289874,0.289874,0.289874,90.000000
14.466898,0.470588,0.470588,0.470588,0.470588,0.470588,0.470588,0.470588,0.470588,0.470588,0.644165,0.644165,0.644165,200.000000,0.289874,0.289874,0.289874,90.000000
14.550524,0.470588,0.470588,0.470588,0.470588,0.470588,0.470588,0.470588,0.470588,0.470588,0.644165,0.644165,0.644165,200.000000,0.289874,0.289874,0.289874,90.000000
14.634147,0.470588,0.470588,0.470588,0.470588,0.470588,0.470588,0.470588,0.470588,0.470588,0.644165,0.644165,0.644165,200.000000,0.289874,0.289874,0.289874,90.000000
14.717770,0.470588,0.470588,0.470588,0.470588,0.470588,0.470588,0.470588,0.470588,0.470588,0.644165,0.644165,0.644165,200.000000,0.289874,0.289874,0.289874,90.000000
14.801394,0.470588,0.470588,0.470588,0.470588,0.470588,0.470588,0.470588,0.470588,0.470588,0.644165,0.644165,0.644165,200.000000,0.289874,0.289874,0.289874,90.000000
14.885017,0.470588,0.470588,0.470588,0.470588,0.470588,0.470588,0.470588,0.470588,0.470588,0.644165,0.644165,0.644165,200.000000,0.289874,0.289874,0.289874,90.000000
14.968641,0.470588,0.470588,0.470588,0.470588,0.470588,0.470588,0.470588,0.470588,0.470588,0.644165,0.644165,0.644165,200.000000,0.289874,0.289874,0.289874,90.000000
15.052265,0.470588,0.470588,0.470588,0.470588,0.470588,0.470588,0.470588,0.470588,0.470588,0.637431,0.637431,0.637431,197.909393,0.288191,0.288191,0.288191,89.477348
15.135889,0.470588,0.470588,0.470588,0.470588,0.470588,0.470588,0.470588,0.470588,0.470588,0.626658,0.626658,0.626658,194.564438,0.285497,0.285497,0.285497,88.641113
15.219512,0.470588,0.470588,0.470588,0.470588,0.470588,0.470588,0.470588,0.470588,0.470588,0.615884,0.615884,0.615884,191.219513,0.282804,0.282804,0.282804,87.804878
15.303135,0.470588,0.470588,0.470588,0.470588,0.470588,0.470588,0.470588,0.470588,0.470588,0.605111,0.605111,0.605111,187.874603,0.280111,0.280111,0.280111,86.968651
15.386761,0.470588,0.470588,0.470588,0.470588,0.470588,0.470588,0.470588,0.470588,0.470588,0.594337,0.594337,0.594337,184.529572,0.277417,0.277417,0.277417,86.132393
15.470384,0.470588,0.470588,0.470588,0.470588,0.470588,0.470588,0.470588,0.470588,0.470588,0.583564,0.583564,0.583564,181.184662,0.274724,0.274724,0.274724,85.296165
15.554007,0.470588,0.470588,0.470588,0.470588,0.470588,0.470588,0.470588,0.470588,0.470588,0.572790,0.572790,0.572790,177.839737,0.272030,0.272030,0.272030,84.459930
15.637630,0.470588,0.470588,0.470588,0.470588,0.470588,0.470588,0.470588,0.470588,0.470588,0.562017,0.562017,0.562017,174.494781,0.269337,0.269337,0.269337,83.623695
15.721254,0.470588,0.470588,0.470588,0.470588,0.470588,0.470588,0.470588,0.470588,0.470588,0.551243,0.551243,0.551243,171.149826,0.266644,0.266644,0.266644,82.787460
15.804878,0.470588,0.470588,0.470588,0.470588,0.470588,0.470588,0.470588,0.470588,0.470588,0.540470,0.540470,0.540470,167.804871,0.263950,0.263950,0.263950,81.951218
15.888502,0.470588,0.470588,0.470588,0.470588,0.470588,0.470588,0.470588,0.470588,0.470588,0.529696,0.529696,0.529696,164.459915,0.261257,0.261257,0.261257,81.114975
15.972126,0.470588,0.470588,0.470588,0.470588,0.470588,0.470588,0.470588,0.470588,0.470588,0.518923,0.518923,0.518923,161.114960,0.258564,0.258564,0.258564,80.278740
16.055748,0.470588,0.470588,0.470588,0.470588,0.470588,0.470588,0.470588,0.470588,0.470588,0.515332,0.515332,0.515332,160.000000,0.257666,0.257666,0.257666,80.000000
16.139372,0.470588,0.470588,0.470588,0.470588,0.470588,0.470588,0.470588,0.470588,0.470588,0.515332,0.515332,0.515332,160.000000,0.257666,0.257666,0.257666,80.000000
16.222998,0.470588,0.470588,0.470588,0.470588,0.470588,0.470588,0.470588,0.470588,0.470588,0.515332,0.515332,0.515332,160.000000,0.257666,0.257666,0.257666,80.000000
16.306622,0.470588,0.470588,0.470588,0.470588,0.470588,0.470588,0.470588,0.470588,0.470588,0.515332,0.515332,0.515332,160.000000,0.257666,0.257666,0.257666,80.000000
16.390244,0.470588,0.470588,0.470588,0.470588,0.470588,0.470588,0.470588,0.470588,0.470588,0.515332,0.515332,0.515332,160.000000,0.257666,0.257666,0.257666,80.000000
16.473867,0.470588,0.470588,0.470588,0.470588,0.470588,0.470588,0.470588,0.470588,0.470588,0.515332,0.515332,0.515332,160.000000,0.257666,0.257666,0.257666,80.000000
16.557491,0.470588,0.470588,0.470588,0.470588,0.470588,0.470588,0.470588,0.470588,0.470588,0.515332,0.515332,0.515332,160.000000,0.257666,0.257666,0.257666,80.000000
16.641115,0.470588,0.470588,0.470588,0.470588,0.470588,0.470588,0.470588,0.470588,0.470588,0.515332,0.515332,0.515332,160.000000,0.257666,0.257666,0.257666,80.000000
16.724739,0.470588,0.470588,0.470588,0.470588,0.470588,0.470588,0.470588,0.470588,0.470588,0.515332,0.515332,0.515332,160.000000,0.257666,0.257666,0.257666,80.000000
16.808363,0.470588,0.470588,0.470588,0.470588,0.470588,0.470588,0.470588,0.470588,0.470588,0.515332,0.515332,0.515332,160.000000,0.257666,0.257666,0.257666,80.000000
16.891987,0.470588,0.470588,0.470588,0.470588,0.470588,0.470588,0.470588,0.470588,0.470588,0.515332,0.515332,0.515332,160.000000,0.257666,0.257666,0.257666,80.000000
16.975609,0.470588,0.470588,0.470588,0.470588,0.470588,0.470588,0.470588,0.470588,0.470588,0.515332,0.515332,0.515332,160.000000,0.257666,0.257666,0.257666,80.000000
17.059235,0.470588,0.466667,0.462745,0.470588,0.466667,0.462745,0.466667,0.462745,0.462745,0.515332,0.515332,0.515332,160.000000,0.257613,0.256821,0.256768,80.000000
17.142857,0.470588,0.462745,0.458824,0.470588,0.462745,0.458824,0.458824,0.458824,0.458824,0.515332,0.515332,0.515332,160.000000,0.257538,0.255628,0.255501,80.000000
17.226480,0.470588,0.458824,0.450980,0.470588,0.458824,0.450980,0.454902,0.450980,0.450980,0.515332,0.515332,0.515332,160.000000,0.257464,0.254435,0.254233,80.000000
17.310104,0.470588,0.450980,0.443137,0.470588,0.450980,0.443137,0.450980,0.443137,0.443137,0.515332,0.515332,0.515332,160.000000,0.257389,0.253242,0.252966,80.000000
17.393728,0.470588,0.447059,0.435294,0.470588,0.447059,0.435294,0.447059,0.439216,0.439216,0.515332,0.515332,0.515332,160.000000,0.257315,0.252049,0.251698,80.000000
17.477352,0.470588,0.443137,0.427451,0.470588,0.443137,0.427451,0.439216,0.431373,0.431373,0.515332,0.515332,0.515332,160.000000,0.257240,0.250856,0.250431,80.000000
17.560976,0.474510,0.439216,0.423529,0.470588,0.439216,0.423529,0.435294,0.423529,0.423529,0.515332,0.515332,0.515332,160.000000,0.257166,0.249663,0.249163,80.000000
17.644600,0.474510,0.435294,0.415686,0.470588,0.435294,0.415686,0.431373,0.419608,0.419608,0.515332,0.515332,0.515332,160.000000,0.257091,0.248470,0.247896,80.000000
17.728222,0.474510,0.431373,0.407843,0.470588,0.431373,0.407843,0.427451,0.411765,0.411765,0.515332,0.515332,0.515332,160.000000,0.257017,0.247278,0.246628,80.000000
17.811846,0.474510,0.427451,0.400000,0.470588,0.427451,0.400000,0.419608,0.403922,0.403922,0.515332,0.515332,0.515332,160.000000,0.256942,0.246085,0.245361,80.000000
17.895472,0.474510,0.423529,0.396078,0.470588,0.423529,0.396078,0.415686,0.400000,0.400000,0.515332,0.515332,0.515332,160.000000,0.256867,0.244892,0.244093,80.000000
17.979095,0.474510,0.419608,0.388235,0.470588,0.419608,0.388235,0.411765,0.392157,0.392157,0.515332,0.515332,0.515332,160.000000,0.256793,0.243699,0.242826,80.000000
18.062717,0.478431,0.419608,0.388235,0.470588,0.419608,0.388235,0.411765,0.392157,0.392157,0.515332,0.515332,0.515332,160.000000,0.256774,0.243401,0.242509,80.000000
18.146341,0.478431,0.419608,0.388235,0.470588,0.419608,0.388235,0.411765,0.392157,0.392157,0.515332,0.515332,0.515332,160.000000,0.256774,0.243401,0.242509,80.000000
18.229965,0.478431,0.419608,0.388235,0.470588,0.419608,0.388235,0.411765,0.392157,0.392157,0.515332,0.515332,0.515332,160.000000,0.256774,0.243401,0.242509,80.000000
18.313587,0.478431,0.419608,0.388235,0.470588,0.419608,0.388235,0.411765,0.392157,0.392157,0.515332,0.515332,0.515332,160.000000,0.256774,0.243401,0.242509,80.000000
18.397213,0.478431,0.419608,0.388235,0.470588,0.419608,0.388235,0.411765,0.392157,0.392157,0.515332,0.515332,0.515332,160.000000,0.256774,0.243401,0.242509,80.000000
18.480837,0.478431,0.419608,0.388235,0.470588,0.419608,0.388235,0.411765,0.392157,0.392157,0.515332,0.515332,0.515332,160.000000,0.256774,0.243401,0.242509,80.000000
18.564461,0.478431,0.419608,0.388235,0.470588,0.419608,0.388235,0.411765,0.392157,0.392157,0.515332,0.515332,0.515332,160.000000,0.256774,0.243401,0.242509,80.000000
18.648083,0.478431,0.419608,0.388235,0.470588,0.419608,0.388235,0.411765,0.392157,0.392157,0.515332,0.515332,0.515332,160.000000,0.256774,0.243401,0.242509,80.000000
18.731707,0.478431,0.419608,0.388235,0.470588,0.419608,0.388235,0.411765,0.392157,0.392157,0.515332,0.515332,0.515332,160.000000,0.256774,0.243401,0.242509,80.000000
18.815331,0.478431,0.419608,0.388235,0.470588,0.419608,0.388235,0.411765,0.392157,0.392157,0.515332,0.515332,0.515332,160.000000,0.256774,0.243401,0.242509,80.000000
18.898954,0.478431,0.419608,0.388235,0.470588,0.419608,0.388235,0.411765,0.392157,0.392157,0.515332,0.515332,0.515332,160.000000,0.256774,0.243401,0.242509,80.000000
18.982578,0.478431,0.419608,0.388235,0.470588,0.419608,0.388235,0.411765,0.392157,0.392157,0.515332,0.515332,0.515332,160.000000,0.256774,0.243401,0.242509,80.000000
19.066202,0.478431,0.419608,0.388235,0.470588,0.419608,0.388235,0.411765,0.392157,0.392157,0.515332,0.515332,0.515332,160.000000,0.256833,0.244345,0.243512,80.000000
19.149826,0.478431,0.419608,0.388235,0.470588,0.419608,0.388235,0.411765,0.392157,0.392157,0.515332,0.515332,0.515332,160.000000,0.256908,0.245538,0.244780,80.000000
19.233450,0.478431,0.419608,0.388235,0.470588,0.419608,0.388235,0.411765,0.392157,0.392157,0.515332,0.515332,0.515332,160.000000,0.256982,0.246731,0.246047,80.000000
19.317074,0.478431,0.419608,0.388235,0.470588,0.419608,0.388235,0.411765,0.392157,0.392157,0.515332,0.515332,0.515332,160.000000,0.257057,0.247924,0.247315,80.000000
19.400696,0.478431,0.419608,0.388235,0.470588,0.419608,0.388235,0.411765,0.392157,0.392157,0.515332,0.515332,0.515332,160.000000,0.257132,0.249117,0.248582,80.000000
19.484320,0.478431,0.419608,0.388235,0.470588,0.419608,0.388235,0.411765,0.392157,0.392157,0.515332,0.515332,0.515332,160.000000,0.257206,0.250310,0.249850,80.000000
19.567944,0.478431,0.419608,0.388235,0.474510,0.419608,0.388235,0.411765,0.392157,0.392157,0.515332,0.515332,0.515332,160.000000,0.257281,0.251502,0.251117,80.000000
19.651569,0.478431,0.419608,0.388235,0.474510,0.419608,0.388235,0.411765,0.392157,0.392157,0.515332,0.515332,0.515332,160.000000,0.257355,0.252695,0.252385,80.000000
19.735191,0.478431,0.419608,0.388235,0.474510,0.419608,0.388235,0.411765,0.392157,0.392157,0.515332,0.515332,0.515332,160.000000,0.257430,0.253888,0.253652,80.000000
19.818815,0.478431,0.419608,0.388235,0.474510,0.419608,0.388235,0.411765,0.392157,0.392157,0.515332,0.515332,0.515332,160.000000,0.257504,0.255081,0.254920,80.000000
19.902439,0.478431,0.419608,0.388235,0.474510,0.419608,0.388235,0.411765,0.392157,0.392157,0.515332,0.515332,0.515332,160.000000,0.257579,0.256274,0.256187,80.000000
19.986061,0.478431,0.419608,0.388235,0.474510,0.419608,0.388235,0.411765,0.392157,0.392157,0.515332,0.515332,0.515332,160.000000,0.257653,0.257467,0.257455,80.000000
20.069687,0.478431,0.419608,0.388235,0.478431,0.419608,0.388235,0.407843,0.388235,0.388235,0.551304,0.541015,0.534342,173.240509,0.267890,0.262891,0.259648,84.181213
20.153311,0.478431,0.419608,0.388235,0.478431,0.419608,0.388235,0.403922,0.384314,0.384314,0.593123,0.568413,0.552385,189.129044,0.279734,0.268080,0.260521,89.198647
20.236935,0.478431,0.419608,0.388235,0.478431,0.419608,0.388235,0.400000,0.380392,0.380392,0.633474,0.592077,0.565226,205.017578,0.291114,0.272090,0.259750,94.216080
20.320557,0.478431,0.419608,0.388235,0.478431,0.419608,0.388235,0.396078,0.376471,0.376471,0.672355,0.612008,0.572864,220.905762,0.302029,0.274921,0.257337,99.233398
20.404181,0.478431,0.419608,0.388235,0.478431,0.419608,0.388235,0.392157,0.372549,0.372549,0.709767,0.628205,0.575300,236.794296,0.312482,0.276573,0.253281,104.250832
20.487804,0.478431,0.419608,0.388235,0.478431,0.419608,0.388235,0.392157,0.372549,0.372549,0.745711,0.640669,0.572534,252.682831,0.322470,0.277046,0.247582,109.268265
20.571428,0.478431,0.419608,0.388235,0.478431,0.419608,0.388235,0.388235,0.368627,0.368627,0.780186,0.649400,0.564566,268.571381,0.331994,0.276340,0.240241,114.285698
20.655052,0.478431,0.419608,0.388235,0.478431,0.419608,0.388235,0.384314,0.364706,0.364706,0.813193,0.654397,0.551395,284.459900,0.341055,0.274456,0.231256,119.303131
20.738676,0.478431,0.419608,0.388235,0.478431,0.419608,0.388235,0.380392,0.360784,0.360784,0.844730,0.655661,0.533021,300.348450,0.349651,0.271392,0.220629,124.320564
20.822300,0.478431,0.419608,0.388235,0.478431,0.419608,0.388235,0.376471,0.356863,0.356863,0.874798,0.653191,0.509445,316.237000,0.357784,0.267149,0.208358,129.337997
20.905924,0.478431,0.419608,0.388235,0.478431,0.419608,0.388235,0.372549,0.352941,0.352941,0.903398,0.646987,0.480667,332.125549,0.365453,0.261727,0.194445,134.355438
20.989548,0.478431,0.419608,0.388235,0.478431,0.419608,0.388235,0.372549,0.352941,0.352941,0.930528,0.637050,0.446687,348.014069,0.372658,0.255126,0.178889,139.372864
21.073170,0.478431,0.419608,0.388235,0.478431,0.419608,0.388235,0.364706,0.345098,0.345098,0.933816,0.635546,0.442074,350.000000,0.373526,0.254218,0.176830,140.000000
21.156794,0.478431,0.419608,0.388235,0.478431,0.419608,0.388235,0.360784,0.341176,0.341176,0.933816,0.635546,0.442074,350.000000,0.373526,0.254218,0.176830,140.000000
21.240417,0.478431,0.419608,0.388235,0.478431,0.419608,0.388235,0.356863,0.337255,0.337255,0.933816,0.635546,0.442074,350.000000,0.373526,0.254218,0.176830,140.000000
21.324043,0.478431,0.419608,0.388235,0.478431,0.419608,0.388235,0.352941,0.333333,0.333333,0.933816,0.635546,0.442074,350.000000,0.373526,0.254218,0.176830,140.000000
21.407665,0.478431,0.419608,0.388235,0.478431,0.419608,0.388235,0.345098,0.325490,0.325490,0.933816,0.635546,0.442074,350.000000,0.373526,0.254218,0.176830,140.000000
21.491289,0.478431,0.419608,0.388235,0.478431,0.419608,0.388235,0.341176,0.321569,0.321569,0.933816,0.635546,0.442074,350.000000,0.373526,0.254218,0.176830,140.000000
21.574913,0.478431,0.419608,0.388235,0.478431,0.419608,0.388235,0.337255,0.317647,0.317647,0.933816,0.635546,0.442074,350.000000,0.373526,0.254218,0.176830,140.000000
21.658535,0.478431,0.419608,0.388235,0.478431,0.419608,0.388235,0.333333,0.313726,0.313726,0.933816,0.635546,0.442074,350.000000,0.373526,0.254218,0.176830,140.000000
21.742161,0.478431,0.419608,0.388235,0.478431,0.419608,0.388235,0.325490,0.305882,0.305882,0.933816,0.635546,0.442074,350.000000,0.373526,0.254218,0.176830,140.000000
21.825785,0.478431,0.419608,0.388235,0.478431,0.419608,0.388235,0.321569,0.301961,0.301961,0.933816,0.635546,0.442074,350.000000,0.373526,0.254218,0.176830,140.000000
21.909409,0.478431,0.419608,0.388235,0.478431,0.419608,0.388235,0.317647,0.298039,0.298039,0.933816,0.635546,0.442074,350.000000,0.373526,0.254218,0.176830,140.000000
21.993031,0.478431,0.419608,0.388235,0.478431,0.419608,0.388235,0.313726,0.294118,0.294118,0.933816,0.635546,0.442074,350.000000,0.373526,0.254218,0.176830,140.000000
22.076654,0.478431,0.415686,0.376471,0.478431,0.415686,0.376471,0.313726,0.294118,0.294118,0.933816,0.635546,0.442074,350.000000,0.373526,0.254218,0.176830,140.000000
22.160278,0.478431,0.411765,0.368627,0.478431,0.411765,0.368627,0.313726,0.294118,0.294118,0.933816,0.635546,0.442074,350.000000,0.373526,0.254218,0.176830,140.000000
22.243902,0.478431,0.407843,0.360784,0.478431,0.407843,0.360784,0.313726,0.294118,0.294118,0.933816,0.635546,0.442074,350.000000,0.373526,0.254218,0.176830,140.000000
22.327526,0.478431,0.403922,0.352941,0.478431,0.403922,0.352941,0.313726,0.294118,0.294118,0.933816,0.635546,0.442074,350.000000,0.373526,0.254218,0.176830,140.000000
22.411150,0.478431,0.400000,0.341176,0.478431,0.400000,0.341176,0.313726,0.294118,0.294118,0.933816,0.635546,0.442074,350.000000,0.373526,0.254218,0.176830,140.000000
22.494774,0.478431,0.396078,0.333333,0.478431,0.396078,0.333333,0.313726,0.294118,0.294118,0.933816,0.635546,0.442074,350.000000,0.373526,0.254218,0.176830,140.000000
22.578398,0.478431,0.392157,0.325490,0.478431,0.392157,0.325490,0.313726,0.294118,0.294118,0.933816,0.635546,0.442074,350.000000,0.373526,0.254218,0.176830,140.000000
22.662022,0.478431,0.388235,0.317647,0.478431,0.388235,0.317647,0.313726,0.294118,0.294118,0.933816,0.635546,0.442074,350.000000,0.373526,0.254218,0.176830,140.000000
22.745644,0.478431,0.384314,0.305882,0.478431,0.384314,0.305882,0.313726,0.294118,0.294118,0.933816,0.635546,0.442074,350.000000,0.373526,0.254218,0.176830,140.000000
22.829268,0.478431,0.380392,0.298039,0.478431,0.380392,0.298039,0.313726,0.294118,0.294118,0.933816,0.635546,0.442074,350.000000,0.373526,0.254218,0.176830,140.000000
22.912891,0.478431,0.376471,0.290196,0.478431,0.376471,0.290196,0.313726,0.294118,0.294118,0.933816,0.635546,0.442074,350.000000,0.373526,0.254218,0.176830,140.000000
22.996517,0.478431,0.376471,0.282353,0.478431,0.376471,0.282353,0.313726,0.294118,0.294118,0.933816,0.635546,0.442074,350.000000,0.373526,0.254218,0.176830,140.000000
23.080139,0.458824,0.376471,0.298039,0.458824,0.376471,0.298039,0.298039,0.298039,0.301961,0.881170,0.628658,0.464937,333.972168,0.356697,0.254480,0.188206,135.191650
23.163763,0.435294,0.376471,0.313726,0.435294,0.376471,0.313726,0.286275,0.301961,0.313726,0.827246,0.619197,0.484383,317.247375,0.339439,0.254071,0.198754,130.174225
23.247387,0.411765,0.376471,0.329412,0.411765,0.376471,0.329412,0.274510,0.305882,0.325490,0.774355,0.607414,0.499324,300.522614,0.322491,0.252966,0.207950,125.156784
23.331009,0.388235,0.376471,0.345098,0.388235,0.376471,0.345098,0.258824,0.309804,0.337255,0.722498,0.593309,0.509759,283.798218,0.305853,0.251164,0.215795,120.139465
23.414635,0.364706,0.376471,0.360784,0.364706,0.376471,0.360784,0.247059,0.317647,0.349020,0.671672,0.576882,0.515689,267.073059,0.289524,0.248665,0.222288,115.121918
23.498259,0.341176,0.376471,0.376471,0.341176,0.376471,0.376471,0.235294,0.321569,0.360784,0.621879,0.558134,0.517114,250.348282,0.273506,0.245470,0.227430,110.104485
23.581882,0.317647,0.380392,0.396078,0.317647,0.380392,0.396078,0.219608,0.325490,0.372549,0.573120,0.537064,0.514034,233.623505,0.257797,0.241579,0.231220,105.087051
23.665504,0.294118,0.380392,0.411765,0.294118,0.380392,0.411765,0.207843,0.329412,0.384314,0.525395,0.513672,0.506449,216.899109,0.242399,0.236990,0.233658,100.069733
23.749128,0.270588,0.380392,0.427451,0.270588,0.380392,0.427451,0.196078,0.337255,0.396078,0.478701,0.487958,0.494358,200.174332,0.227310,0.231706,0.234745,95.052299
23.832752,0.247059,0.380392,0.443137,0.247059,0.380392,0.443137,0.180392,0.341176,0.407843,0.433040,0.459922,0.477763,183.449554,0.212531,0.225725,0.234480,90.034866
23.916376,0.223529,0.380392,0.458824,0.223529,0.380392,0.458824,0.168627,0.345098,0.419608,0.388412,0.429565,0.456662,166.724777,0.198062,0.219047,0.232864,85.017433
24.000000,0.000000,0.000000,0.000000,0.000000,0.000000,0.000000,0.000000,0.000000,0.000000,0.000000,0.000000,0.000000,0.000000,0.000000,0.000000,0.000000,0.000000
